ID_Cliente,R,F,M,rfm_score,segmento,recencia,frecuencia,monetario,ultima_compra
CLI-5004,5,5,5,15,Champions,15,24,1043,2026-04-14 17:51:00
CLI-5005,5,5,5,15,Champions,-1,24,1546,2026-04-30 04:58:00
CLI-5000,5,5,5,15,Champions,0,70,3382,2026-04-29 12:11:00
CLI-5001,5,5,5,15,Champions,1,45,2314,2026-04-28 06:25:00
CLI-5002,5,5,5,15,Champions,5,37,1824,2026-04-24 10:20:00
CLI-5006,5,5,5,15,Champions,-1,26,1333,2026-04-30 19:35:00
CLI-5003,5,5,5,15,Champions,1,23,1200,2026-04-28 06:39:00
CLI-5034,5,5,5,15,Champions,5,9,310,2026-04-24 19:16:00
CLI-5278,5,5,5,15,Champions,4,5,315,2026-04-25 04:58:00
CLI-5270,5,5,5,15,Champions,5,6,184,2026-04-24 12:53:00
CLI-5282,5,5,5,15,Champions,3,5,204,2026-04-26 03:48:00
CLI-5300,5,5,5,15,Champions,8,4,298,2026-04-21 06:43:00
CLI-5323,5,5,5,15,Champions,1,4,308,2026-04-28 00:17:00
CLI-5311,5,5,5,15,Champions,13,4,195,2026-04-16 08:15:00
CLI-5055,5,5,5,15,Champions,5,8,584,2026-04-24 14:51:00
CLI-5056,5,5,5,15,Champions,0,8,355,2026-04-29 03:03:00
CLI-5255,5,5,5,15,Champions,0,6,388,2026-04-29 08:29:00
CLI-5354,5,5,5,15,Champions,2,4,408,2026-04-27 16:45:00
CLI-5058,5,5,5,15,Champions,11,8,477,2026-04-18 03:04:00
CLI-5061,5,5,5,15,Champions,11,5,462,2026-04-18 21:17:00
CLI-6885,5,5,5,15,Champions,3,3,183,2026-04-26 07:36:00
CLI-5064,5,5,5,15,Champions,4,6,234,2026-04-25 19:39:00
CLI-5041,5,5,5,15,Champions,4,9,617,2026-04-25 06:54:00
CLI-5037,5,5,5,15,Champions,0,8,382,2026-04-29 09:25:00
CLI-5038,5,5,5,15,Champions,9,13,920,2026-04-20 06:50:00
CLI-5046,5,5,5,15,Champions,0,11,533,2026-04-29 12:42:00
CLI-5045,5,5,5,15,Champions,0,7,349,2026-04-29 14:48:00
CLI-5044,5,5,5,15,Champions,2,5,342,2026-04-27 19:24:00
CLI-5043,5,5,5,15,Champions,13,12,715,2026-04-16 04:14:00
CLI-5042,5,5,5,15,Champions,1,11,393,2026-04-28 10:17:00
CLI-5097,5,5,5,15,Champions,4,8,495,2026-04-25 11:47:00
CLI-5052,5,5,5,15,Champions,5,12,834,2026-04-24 14:33:00
CLI-6349,5,5,5,15,Champions,3,5,214,2026-04-26 17:35:00
CLI-6450,5,5,5,15,Champions,14,3,322,2026-04-15 01:20:00
CLI-6497,5,5,5,15,Champions,4,4,303,2026-04-25 01:46:00
CLI-5092,5,5,5,15,Champions,-1,9,526,2026-04-30 06:54:00
CLI-5407,5,5,5,15,Champions,-1,5,204,2026-04-30 13:35:00
CLI-5235,5,5,5,15,Champions,1,5,256,2026-04-28 09:49:00
CLI-5397,5,5,5,15,Champions,10,6,214,2026-04-19 05:53:00
CLI-5405,5,5,5,15,Champions,1,5,315,2026-04-28 13:35:00
CLI-5081,5,5,5,15,Champions,11,6,390,2026-04-18 17:41:00
CLI-5269,5,5,5,15,Champions,11,7,373,2026-04-18 12:24:00
CLI-5072,5,5,5,15,Champions,5,6,366,2026-04-24 21:55:00
CLI-5076,5,5,5,15,Champions,4,6,319,2026-04-25 14:20:00
CLI-5099,5,5,5,15,Champions,9,6,277,2026-04-20 05:43:00
CLI-5098,5,5,5,15,Champions,13,8,318,2026-04-16 13:48:00
CLI-5170,5,5,5,15,Champions,2,6,376,2026-04-27 22:47:00
CLI-5010,5,5,5,15,Champions,3,15,934,2026-04-26 08:08:00
CLI-5009,5,5,5,15,Champions,4,24,1188,2026-04-25 15:39:00
CLI-5008,5,5,5,15,Champions,3,18,767,2026-04-26 06:57:00
CLI-5014,5,5,5,15,Champions,8,18,838,2026-04-21 18:12:00
CLI-5013,5,5,5,15,Champions,8,18,904,2026-04-21 21:45:00
CLI-5012,5,5,5,15,Champions,-1,19,967,2026-04-30 17:47:00
CLI-5011,5,5,5,15,Champions,14,9,369,2026-04-15 10:13:00
CLI-5016,5,5,5,15,Champions,15,6,462,2026-04-14 20:56:00
CLI-5017,5,5,5,15,Champions,3,21,1130,2026-04-26 21:28:00
CLI-5026,5,5,5,15,Champions,1,9,505,2026-04-28 00:13:00
CLI-5023,5,5,5,15,Champions,0,11,585,2026-04-29 05:50:00
CLI-5021,5,5,5,15,Champions,3,10,531,2026-04-26 12:21:00
CLI-5051,5,5,5,15,Champions,11,5,315,2026-04-18 10:09:00
CLI-5129,5,5,5,15,Champions,7,7,289,2026-04-22 16:46:00
CLI-5128,5,5,5,15,Champions,7,5,312,2026-04-22 09:13:00
CLI-5108,5,5,5,15,Champions,-1,8,431,2026-04-30 03:31:00
CLI-5238,5,5,5,15,Champions,3,4,237,2026-04-26 12:22:00
CLI-5492,5,5,5,15,Champions,13,5,246,2026-04-16 21:17:00
CLI-5144,5,5,5,15,Champions,13,8,458,2026-04-16 05:38:00
CLI-5125,5,5,5,15,Champions,14,6,243,2026-04-15 14:20:00
CLI-5163,5,5,5,15,Champions,12,4,366,2026-04-17 16:58:00
CLI-5117,5,5,5,15,Champions,6,7,277,2026-04-23 09:45:00
CLI-5126,5,5,5,15,Champions,0,5,327,2026-04-29 21:16:00
CLI-6470,5,5,5,15,Champions,3,3,357,2026-04-26 12:53:00
CLI-5102,5,5,5,15,Champions,1,7,498,2026-04-28 05:48:00
CLI-5549,5,5,5,15,Champions,13,4,232,2026-04-16 10:15:00
CLI-5025,5,5,5,15,Champions,7,6,540,2026-04-22 18:52:00
CLI-5027,5,5,5,15,Champions,9,12,542,2026-04-20 13:45:00
CLI-5030,5,5,5,15,Champions,6,10,612,2026-04-23 20:54:00
CLI-5024,5,5,5,15,Champions,8,9,436,2026-04-21 15:50:00
CLI-5032,5,5,5,15,Champions,13,8,362,2026-04-16 06:34:00
CLI-5028,5,5,5,15,Champions,11,14,706,2026-04-18 15:38:00
CLI-5029,5,5,5,15,Champions,0,11,423,2026-04-29 18:53:00
CLI-5154,5,5,5,15,Champions,7,5,251,2026-04-22 15:57:00
CLI-5216,5,5,5,15,Champions,8,6,474,2026-04-21 09:06:00
CLI-5192,5,5,5,15,Champions,9,7,287,2026-04-20 08:42:00
CLI-5195,5,5,5,15,Champions,13,5,255,2026-04-16 05:39:00
CLI-5199,5,5,5,15,Champions,15,4,315,2026-04-14 02:00:00
CLI-5703,5,5,5,15,Champions,0,4,232,2026-04-29 06:16:00
CLI-5136,5,5,5,15,Champions,1,7,708,2026-04-28 19:39:00
CLI-5515,5,5,5,15,Champions,14,5,233,2026-04-15 21:41:00
CLI-6184,5,5,5,15,Champions,8,3,318,2026-04-21 03:15:00
CLI-5628,5,5,5,15,Champions,4,4,337,2026-04-25 15:31:00
CLI-5174,5,5,5,15,Champions,13,7,247,2026-04-16 04:15:00
CLI-6181,5,5,5,15,Champions,7,3,198,2026-04-22 09:11:00
CLI-5049,5,5,5,15,Champions,11,7,510,2026-04-18 12:17:00
CLI-6968,5,5,5,15,Champions,2,3,183,2026-04-27 09:07:00
CLI-6007,5,5,5,15,Champions,15,3,318,2026-04-14 09:23:00
CLI-6748,4,5,5,14,Champions,31,3,399,2026-03-29 06:07:00
CLI-5053,4,5,5,14,Champions,22,6,295,2026-04-07 19:06:00
CLI-6778,4,5,5,14,Champions,28,5,351,2026-04-01 14:42:00
CLI-5083,4,5,5,14,Champions,21,4,318,2026-04-08 21:03:00
CLI-5082,4,5,5,14,Champions,18,8,358,2026-04-11 23:46:00
CLI-6750,5,4,5,14,Champions,9,2,198,2026-04-20 11:35:00
CLI-5040,4,5,5,14,Champions,18,5,231,2026-04-11 10:32:00
CLI-5312,5,4,5,14,Champions,1,3,303,2026-04-28 14:53:00
CLI-5062,5,5,4,14,Champions,4,5,150,2026-04-25 20:44:00
CLI-5036,4,5,5,14,Champions,32,12,592,2026-03-28 07:04:00
CLI-5325,4,5,5,14,Champions,26,5,246,2026-04-03 21:46:00
CLI-6913,5,5,4,14,Champions,6,3,156,2026-04-23 09:15:00
CLI-5035,4,5,5,14,Champions,24,8,564,2026-04-05 20:43:00
CLI-5084,4,5,5,14,Champions,18,6,415,2026-04-11 11:13:00
CLI-5392,4,5,5,14,Champions,24,4,639,2026-04-05 08:44:00
CLI-5166,5,5,4,14,Champions,8,5,175,2026-04-21 01:39:00
CLI-5165,5,5,4,14,Champions,-1,5,165,2026-04-30 18:44:00
CLI-5161,4,5,5,14,Champions,26,7,463,2026-04-03 13:11:00
CLI-5119,5,5,4,14,Champions,2,5,160,2026-04-27 14:16:00
CLI-5123,4,5,5,14,Champions,32,7,253,2026-03-28 03:28:00
CLI-5145,4,5,5,14,Champions,38,4,318,2026-03-22 13:07:00
CLI-6217,4,5,5,14,Champions,20,4,337,2026-04-09 05:39:00
CLI-6251,5,4,5,14,Champions,15,2,240,2026-04-14 16:44:00
CLI-5219,4,5,5,14,Champions,19,4,212,2026-04-10 18:04:00
CLI-5222,4,5,5,14,Champions,38,5,258,2026-03-22 03:42:00
CLI-5109,4,5,5,14,Champions,29,6,268,2026-03-31 00:27:00
CLI-5112,5,5,4,14,Champions,13,5,150,2026-04-16 13:11:00
CLI-5414,4,5,5,14,Champions,33,5,511,2026-03-27 15:20:00
CLI-5431,5,4,5,14,Champions,10,3,183,2026-04-19 05:00:00
CLI-5445,5,5,4,14,Champions,11,4,175,2026-04-18 20:05:00
CLI-5451,5,4,5,14,Champions,4,3,193,2026-04-25 05:01:00
CLI-5133,4,5,5,14,Champions,22,5,390,2026-04-07 04:12:00
CLI-5101,4,5,5,14,Champions,34,4,261,2026-03-26 04:45:00
CLI-5376,4,5,5,14,Champions,30,4,222,2026-03-30 14:37:00
CLI-5358,4,5,5,14,Champions,33,4,237,2026-03-27 22:50:00
CLI-5357,4,5,5,14,Champions,29,6,214,2026-03-31 00:56:00
CLI-5078,4,5,5,14,Champions,33,6,233,2026-03-27 08:21:00
CLI-5236,4,5,5,14,Champions,21,6,400,2026-04-08 05:48:00
CLI-5410,5,5,4,14,Champions,0,4,165,2026-04-29 02:58:00
CLI-5116,4,5,5,14,Champions,24,6,262,2026-04-05 10:39:00
CLI-6506,5,5,4,14,Champions,1,3,151,2026-04-28 18:26:00
CLI-5086,4,5,5,14,Champions,33,6,198,2026-03-27 15:59:00
CLI-6508,5,5,4,14,Champions,0,4,131,2026-04-29 09:35:00
CLI-5088,4,5,5,14,Champions,33,5,261,2026-03-27 15:17:00
CLI-5090,4,5,5,14,Champions,17,7,348,2026-04-12 02:29:00
CLI-5094,4,5,5,14,Champions,38,8,381,2026-03-22 20:03:00
CLI-5095,4,5,5,14,Champions,32,5,396,2026-03-28 17:19:00
CLI-5100,5,5,4,14,Champions,12,5,180,2026-04-17 23:22:00
CLI-5068,5,4,5,14,Champions,4,3,399,2026-04-25 12:12:00
CLI-5071,4,5,5,14,Champions,25,5,324,2026-04-04 05:13:00
CLI-5074,5,5,4,14,Champions,13,5,180,2026-04-16 01:22:00
CLI-5388,5,4,5,14,Champions,8,3,183,2026-04-21 02:33:00
CLI-5632,4,5,5,14,Champions,26,4,303,2026-04-03 18:55:00
CLI-5191,5,4,5,14,Champions,3,3,183,2026-04-26 10:03:00
CLI-5209,5,5,4,14,Champions,2,4,156,2026-04-27 13:34:00
CLI-5904,4,5,5,14,Champions,34,4,357,2026-03-26 04:29:00
CLI-5949,4,5,5,14,Champions,23,4,237,2026-04-06 05:58:00
CLI-5979,4,5,5,14,Champions,35,4,199,2026-03-25 12:28:00
CLI-6015,4,5,5,14,Champions,38,3,183,2026-03-22 01:50:00
CLI-5975,5,5,4,14,Champions,7,3,178,2026-04-22 08:01:00
CLI-5572,5,4,5,14,Champions,4,3,313,2026-04-25 20:42:00
CLI-5175,5,4,5,14,Champions,6,3,192,2026-04-23 16:39:00
CLI-5890,5,5,4,14,Champions,0,3,165,2026-04-29 13:48:00
CLI-6159,4,5,5,14,Champions,30,3,183,2026-03-30 10:20:00
CLI-6124,5,5,4,14,Champions,7,3,165,2026-04-22 13:33:00
CLI-5651,5,4,5,14,Champions,3,3,198,2026-04-26 22:59:00
CLI-5185,4,5,5,14,Champions,21,5,357,2026-04-08 23:13:00
CLI-5951,4,5,5,14,Champions,27,3,183,2026-04-02 19:38:00
CLI-5155,4,5,5,14,Champions,22,8,502,2026-04-07 07:32:00
CLI-5160,4,5,5,14,Champions,30,6,300,2026-03-30 15:19:00
CLI-5821,5,5,4,14,Champions,13,4,151,2026-04-16 15:01:00
CLI-5019,4,5,5,14,Champions,34,9,477,2026-03-26 15:24:00
CLI-5015,4,5,5,14,Champions,33,17,910,2026-03-27 22:45:00
CLI-5768,4,5,5,14,Champions,36,4,207,2026-03-24 21:59:00
CLI-5007,4,5,5,14,Champions,27,25,1171,2026-04-02 18:11:00
CLI-5033,4,5,5,14,Champions,33,7,483,2026-03-27 09:42:00
CLI-5022,4,5,5,14,Champions,24,4,318,2026-04-05 18:00:00
CLI-5050,4,5,5,14,Champions,26,8,363,2026-04-03 11:12:00
CLI-5020,4,5,5,14,Champions,17,12,560,2026-04-12 15:31:00
CLI-5047,3,5,5,13,Leales,57,6,303,2026-03-03 05:02:00
CLI-6953,5,5,3,13,Champions,1,3,87,2026-04-28 04:27:00
CLI-5018,3,5,5,13,Leales,64,9,561,2026-02-24 14:19:00
CLI-5171,4,4,5,13,Champions,30,3,198,2026-03-30 07:56:00
CLI-5867,5,5,3,13,Champions,10,3,116,2026-04-19 09:36:00
CLI-5864,4,5,4,13,Champions,28,4,150,2026-04-01 19:15:00
CLI-5831,4,5,4,13,Champions,21,3,117,2026-04-08 10:04:00
CLI-5829,4,5,4,13,Champions,32,3,151,2026-03-28 21:16:00
CLI-5796,5,4,4,13,Champions,10,3,156,2026-04-19 16:43:00
CLI-5792,3,5,5,13,Leales,41,4,217,2026-03-19 12:28:00
CLI-5778,4,4,5,13,Champions,22,3,318,2026-04-07 06:48:00
CLI-5763,3,5,5,13,Leales,45,4,256,2026-03-15 16:37:00
CLI-5759,4,5,4,13,Champions,26,4,175,2026-04-03 16:21:00
CLI-5197,5,3,5,13,Leales,0,2,198,2026-04-29 03:51:00
CLI-5188,3,5,5,13,Leales,62,6,209,2026-02-26 11:12:00
CLI-5725,4,4,5,13,Champions,25,3,318,2026-04-04 18:02:00
CLI-5709,5,3,5,13,Leales,9,2,274,2026-04-20 22:36:00
CLI-5686,4,4,5,13,Champions,38,3,298,2026-03-22 07:20:00
CLI-5680,3,5,5,13,Leales,54,4,232,2026-03-06 03:33:00
CLI-5674,4,5,4,13,Champions,29,4,126,2026-03-31 15:31:00
CLI-5647,5,4,4,13,Champions,7,3,156,2026-04-22 01:43:00
CLI-5211,5,4,4,13,Champions,5,3,141,2026-04-24 09:25:00
CLI-5157,5,4,4,13,Champions,11,3,168,2026-04-18 18:13:00
CLI-5153,4,5,4,13,Champions,25,4,151,2026-04-04 05:21:00
CLI-5939,3,5,5,13,Leales,46,4,261,2026-03-14 03:06:00
CLI-5920,5,3,5,13,Leales,1,2,240,2026-04-28 09:16:00
CLI-5918,3,5,5,13,Leales,50,3,279,2026-03-10 15:22:00
CLI-5900,5,3,5,13,Leales,5,2,279,2026-04-24 01:27:00
CLI-5177,3,5,5,13,Leales,55,4,303,2026-03-05 18:28:00
CLI-5207,4,4,5,13,Champions,18,3,264,2026-04-11 11:59:00
CLI-5202,3,5,5,13,Leales,42,6,314,2026-03-18 03:39:00
CLI-5606,3,5,5,13,Leales,50,5,240,2026-03-10 15:33:00
CLI-5591,4,4,5,13,Champions,25,3,198,2026-04-04 08:51:00
CLI-5570,5,3,5,13,Leales,11,2,240,2026-04-18 16:42:00
CLI-5551,4,4,5,13,Champions,16,3,399,2026-04-13 19:40:00
CLI-5547,3,5,5,13,Leales,42,5,342,2026-03-18 04:37:00
CLI-5532,5,3,5,13,Leales,3,2,279,2026-04-26 12:52:00
CLI-5529,4,5,4,13,Champions,26,4,151,2026-04-03 22:56:00
CLI-5528,4,4,5,13,Champions,25,3,183,2026-04-04 22:02:00
CLI-5229,4,5,4,13,Champions,27,4,136,2026-04-02 12:51:00
CLI-5223,5,4,4,13,Champions,3,3,150,2026-04-26 10:31:00
CLI-5135,4,5,4,13,Champions,18,4,126,2026-04-11 03:17:00
CLI-6186,5,5,3,13,Champions,10,3,102,2026-04-19 01:31:00
CLI-6166,5,4,4,13,Champions,7,2,144,2026-04-22 08:15:00
CLI-5120,4,5,4,13,Champions,22,4,126,2026-04-07 06:44:00
CLI-6289,3,5,5,13,Leales,40,7,294,2026-03-20 09:28:00
CLI-6239,5,4,4,13,Champions,4,2,159,2026-04-25 23:45:00
CLI-6235,4,5,4,13,Champions,37,3,126,2026-03-23 22:05:00
CLI-6234,5,5,3,13,Champions,0,3,102,2026-04-29 23:23:00
CLI-5142,3,5,5,13,Leales,56,7,664,2026-03-04 22:00:00
CLI-5140,3,5,5,13,Leales,47,5,339,2026-03-13 09:36:00
CLI-5474,4,5,4,13,Champions,16,5,150,2026-04-13 09:20:00
CLI-5468,5,4,4,13,Champions,10,3,156,2026-04-19 05:50:00
CLI-5461,5,4,4,13,Champions,13,3,117,2026-04-16 20:15:00
CLI-5428,5,5,3,13,Champions,15,4,111,2026-04-14 01:05:00
CLI-5424,4,4,5,13,Champions,33,3,399,2026-03-27 22:20:00
CLI-5417,5,4,4,13,Champions,8,3,178,2026-04-21 18:58:00
CLI-5246,3,5,5,13,Leales,45,8,349,2026-03-15 05:47:00
CLI-5245,5,4,4,13,Champions,1,3,126,2026-04-28 03:20:00
CLI-6471,5,4,4,13,Champions,8,2,154,2026-04-21 02:55:00
CLI-6468,5,5,3,13,Champions,0,3,102,2026-04-29 04:13:00
CLI-6439,4,5,4,13,Champions,35,3,131,2026-03-25 17:11:00
CLI-6416,3,5,5,13,Leales,63,3,195,2026-02-25 11:19:00
CLI-6344,5,4,4,13,Champions,12,2,144,2026-04-17 01:40:00
CLI-6654,4,4,5,13,Champions,22,2,264,2026-04-07 12:40:00
CLI-6535,4,5,4,13,Champions,28,3,126,2026-04-01 20:48:00
CLI-6534,4,5,4,13,Champions,24,3,168,2026-04-05 17:27:00
CLI-6528,3,5,5,13,Leales,63,3,193,2026-02-25 13:36:00
CLI-6486,4,5,4,13,Champions,20,3,126,2026-04-09 01:06:00
CLI-5113,3,5,5,13,Leales,39,6,285,2026-03-21 19:19:00
CLI-5396,4,4,5,13,Champions,24,3,288,2026-04-05 08:52:00
CLI-5373,4,4,5,13,Champions,21,3,183,2026-04-08 11:26:00
CLI-5371,3,5,5,13,Leales,46,4,207,2026-03-14 14:05:00
CLI-5362,4,4,5,13,Champions,35,3,303,2026-03-25 13:14:00
CLI-5080,4,4,5,13,Champions,17,3,279,2026-04-12 14:27:00
CLI-5075,3,5,5,13,Leales,43,4,224,2026-03-17 04:17:00
CLI-5070,3,5,5,13,Leales,42,7,246,2026-03-18 14:31:00
CLI-6686,4,4,5,13,Champions,26,2,288,2026-04-03 02:56:00
CLI-6672,5,4,4,13,Champions,15,2,168,2026-04-14 11:01:00
CLI-5057,4,4,5,13,Champions,21,3,303,2026-04-08 17:31:00
CLI-6786,4,5,4,13,Champions,19,3,141,2026-04-10 20:25:00
CLI-6755,5,4,4,13,Champions,12,2,159,2026-04-17 10:59:00
CLI-6738,3,5,5,13,Leales,39,3,183,2026-03-21 02:19:00
CLI-6699,4,5,4,13,Champions,26,4,126,2026-04-03 10:50:00
CLI-6692,3,5,5,13,Leales,51,3,237,2026-03-09 07:11:00
CLI-6848,4,5,4,13,Champions,19,3,117,2026-04-10 10:20:00
CLI-5345,4,5,4,13,Champions,19,4,141,2026-04-10 08:52:00
CLI-5327,5,4,4,13,Champions,6,3,151,2026-04-23 05:02:00
CLI-5306,3,5,5,13,Leales,50,4,222,2026-03-10 19:05:00
CLI-5291,4,5,4,13,Champions,37,4,135,2026-03-23 20:55:00
CLI-5277,3,5,5,13,Leales,55,5,219,2026-03-05 21:17:00
CLI-6949,5,3,5,13,Leales,11,1,240,2026-04-18 18:47:00
CLI-6981,4,5,4,13,Champions,16,4,156,2026-04-13 19:18:00
CLI-5031,2,5,5,12,En Riesgo,71,5,270,2026-02-17 16:19:00
CLI-5039,2,5,5,12,En Riesgo,67,7,555,2026-02-21 04:33:00
CLI-6896,5,4,3,12,Champions,4,2,78,2026-04-25 20:31:00
CLI-5284,5,3,4,12,Leales,5,2,154,2026-04-24 10:39:00
CLI-5275,3,5,4,12,Leales,46,4,121,2026-03-14 20:02:00
CLI-6895,4,4,4,12,Champions,18,2,159,2026-04-11 15:30:00
CLI-6845,5,4,3,12,Champions,11,2,72,2026-04-18 10:17:00
CLI-5067,5,4,3,12,Champions,3,3,97,2026-04-26 04:30:00
CLI-5065,2,5,5,12,En Riesgo,98,5,270,2026-01-21 01:56:00
CLI-5059,4,4,4,12,Champions,18,3,121,2026-04-11 10:49:00
CLI-5054,2,5,5,12,En Riesgo,109,4,241,2026-01-10 14:09:00
CLI-6744,4,4,4,12,Champions,17,2,154,2026-04-12 21:34:00
CLI-6733,4,4,4,12,Champions,22,2,159,2026-04-07 00:35:00
CLI-6712,4,4,4,12,Champions,35,2,159,2026-03-25 20:29:00
CLI-6693,5,4,3,12,Champions,7,2,102,2026-04-22 03:44:00
CLI-5069,2,5,5,12,En Riesgo,96,5,241,2026-01-23 07:51:00
CLI-5096,2,5,5,12,En Riesgo,76,4,237,2026-02-12 12:56:00
CLI-5089,5,4,3,12,Champions,13,3,112,2026-04-16 11:03:00
CLI-5315,4,4,4,12,Champions,29,3,168,2026-03-31 21:10:00
CLI-5302,3,5,4,12,Leales,60,5,175,2026-02-28 04:30:00
CLI-6655,5,2,5,12,Clientes Recientes,-1,1,240,2026-04-30 12:51:00
CLI-6587,2,5,5,12,En Riesgo,71,3,190,2026-02-17 08:34:00
CLI-6586,2,5,5,12,En Riesgo,81,3,183,2026-02-07 02:24:00
CLI-6515,4,5,3,12,Champions,25,3,102,2026-04-04 09:48:00
CLI-5110,3,5,4,12,Leales,53,4,141,2026-03-07 21:35:00
CLI-5105,5,4,3,12,Champions,3,3,102,2026-04-26 09:25:00
CLI-5104,2,5,5,12,En Riesgo,97,6,390,2026-01-22 15:20:00
CLI-6457,4,4,4,12,Champions,27,2,144,2026-04-02 16:31:00
CLI-6377,4,5,3,12,Champions,17,3,112,2026-04-12 18:39:00
CLI-6359,5,4,3,12,Champions,12,2,63,2026-04-17 11:19:00
CLI-6350,5,4,3,12,Champions,6,2,72,2026-04-23 19:09:00
CLI-5122,2,5,5,12,En Riesgo,106,4,327,2026-01-13 04:48:00
CLI-6304,3,5,4,12,Leales,52,4,165,2026-03-08 15:49:00
CLI-6301,3,4,5,12,Leales,48,2,279,2026-03-12 07:46:00
CLI-6293,5,4,3,12,Champions,11,2,63,2026-04-18 08:12:00
CLI-5332,5,4,3,12,Champions,8,3,102,2026-04-21 06:43:00
CLI-5318,3,5,4,12,Leales,52,4,136,2026-03-08 20:42:00
CLI-6279,2,5,5,12,En Riesgo,92,3,198,2026-01-27 20:59:00
CLI-6270,2,5,5,12,En Riesgo,106,4,352,2026-01-13 03:10:00
CLI-6248,2,5,5,12,En Riesgo,100,3,237,2026-01-19 23:33:00
CLI-6244,5,4,3,12,Champions,4,2,63,2026-04-25 22:05:00
CLI-6240,4,4,4,12,Champions,31,2,159,2026-03-29 03:14:00
CLI-6213,4,4,4,12,Champions,36,2,144,2026-03-24 20:56:00
CLI-6207,4,4,4,12,Champions,33,2,144,2026-03-27 04:18:00
CLI-6203,5,4,3,12,Champions,14,2,63,2026-04-15 17:22:00
CLI-5143,3,5,4,12,Leales,54,4,165,2026-03-06 06:25:00
CLI-5141,3,4,5,12,Leales,63,3,192,2026-02-25 14:07:00
CLI-6125,3,5,4,12,Leales,59,3,117,2026-03-01 19:35:00
CLI-6107,5,4,3,12,Champions,-1,2,63,2026-04-30 10:09:00
CLI-6089,5,4,3,12,Champions,12,2,78,2026-04-17 19:16:00
CLI-6085,3,5,4,12,Leales,59,3,156,2026-03-01 00:39:00
CLI-6075,3,5,4,12,Leales,58,3,168,2026-03-02 13:07:00
CLI-6074,5,4,3,12,Champions,12,2,78,2026-04-17 08:26:00
CLI-6063,4,4,4,12,Champions,22,2,159,2026-04-07 06:21:00
CLI-6053,5,4,3,12,Champions,11,2,78,2026-04-18 06:19:00
CLI-6038,4,4,4,12,Champions,25,2,156,2026-04-04 12:20:00
CLI-6033,2,5,5,12,En Riesgo,79,3,207,2026-02-09 04:36:00
CLI-6024,4,4,4,12,Champions,19,2,168,2026-04-10 03:32:00
CLI-6014,2,5,5,12,En Riesgo,78,4,207,2026-02-10 14:37:00
CLI-5167,5,3,4,12,Leales,14,2,159,2026-04-15 07:51:00
CLI-5162,3,5,4,12,Leales,56,4,165,2026-03-04 09:19:00
CLI-5151,3,5,4,12,Leales,41,4,121,2026-03-19 14:37:00
CLI-5919,2,5,5,12,En Riesgo,67,3,288,2026-02-21 16:58:00
CLI-5882,5,3,4,12,Leales,12,2,159,2026-04-17 01:41:00
CLI-5879,5,3,4,12,Leales,15,2,117,2026-04-14 16:24:00
CLI-5168,2,5,5,12,En Riesgo,66,4,337,2026-02-22 11:13:00
CLI-5361,5,4,3,12,Champions,1,3,117,2026-04-28 02:35:00
CLI-5266,5,4,3,12,Champions,8,3,97,2026-04-21 12:05:00
CLI-5857,5,3,4,12,Leales,10,2,144,2026-04-19 10:16:00
CLI-5842,4,5,3,12,Champions,34,3,87,2026-03-26 05:51:00
CLI-5840,5,3,4,12,Leales,5,2,144,2026-04-24 20:51:00
CLI-5808,2,5,5,12,En Riesgo,101,3,183,2026-01-18 23:40:00
CLI-5746,3,5,4,12,Leales,47,5,159,2026-03-13 10:35:00
CLI-5200,3,4,5,12,Leales,47,3,183,2026-03-13 05:10:00
CLI-5196,3,4,5,12,Leales,52,3,276,2026-03-08 21:24:00
CLI-5736,5,3,4,12,Leales,13,2,154,2026-04-16 00:18:00
CLI-5733,3,5,4,12,Leales,57,4,126,2026-03-03 17:56:00
CLI-5728,5,4,3,12,Champions,1,3,112,2026-04-28 08:38:00
CLI-5711,4,4,4,12,Champions,32,3,117,2026-03-28 09:28:00
CLI-5663,5,3,4,12,Leales,2,2,144,2026-04-27 21:36:00
CLI-5653,4,3,5,12,Leales,33,2,188,2026-03-27 04:28:00
CLI-5385,5,3,4,12,Leales,5,2,159,2026-04-24 17:41:00
CLI-5384,5,3,4,12,Leales,3,2,144,2026-04-26 10:04:00
CLI-5368,5,3,4,12,Leales,15,2,159,2026-04-14 14:53:00
CLI-5366,5,4,3,12,Champions,11,3,72,2026-04-18 16:22:00
CLI-5635,5,3,4,12,Leales,11,2,159,2026-04-18 23:40:00
CLI-5213,3,4,5,12,Leales,64,3,318,2026-02-24 16:04:00
CLI-5205,3,4,5,12,Leales,43,3,192,2026-03-17 09:10:00
CLI-5623,5,3,4,12,Leales,8,2,154,2026-04-21 16:09:00
CLI-5603,5,3,4,12,Leales,10,2,159,2026-04-19 18:01:00
CLI-5577,3,5,4,12,Leales,62,5,175,2026-02-26 19:18:00
CLI-5565,3,4,5,12,Leales,39,3,198,2026-03-21 19:42:00
CLI-5544,5,3,4,12,Leales,7,2,159,2026-04-22 00:17:00
CLI-5537,5,4,3,12,Champions,14,3,72,2026-04-15 11:51:00
CLI-5231,2,5,5,12,En Riesgo,88,4,327,2026-01-31 06:55:00
CLI-5225,5,4,3,12,Champions,0,3,72,2026-04-29 02:43:00
CLI-5497,2,5,5,12,En Riesgo,68,4,202,2026-02-20 10:50:00
CLI-5391,3,4,5,12,Leales,53,3,195,2026-03-07 18:53:00
CLI-5386,3,4,5,12,Leales,43,3,183,2026-03-17 11:24:00
CLI-5480,3,4,5,12,Leales,44,3,227,2026-03-16 15:16:00
CLI-5472,4,4,4,12,Champions,22,3,170,2026-04-07 00:13:00
CLI-5437,5,4,3,12,Champions,7,3,112,2026-04-22 18:10:00
CLI-5422,3,5,4,12,Leales,45,4,141,2026-03-15 01:17:00
CLI-5244,3,5,4,12,Leales,44,4,121,2026-03-16 23:50:00
CLI-5242,4,4,4,12,Champions,29,3,130,2026-03-31 17:45:00
CLI-6943,4,4,4,12,Champions,32,2,144,2026-03-28 05:12:00
CLI-6970,4,4,4,12,Champions,32,2,154,2026-03-28 12:48:00
CLI-6962,4,5,3,12,Champions,23,3,87,2026-04-06 20:48:00
CLI-6950,5,4,3,12,Champions,12,2,78,2026-04-17 06:01:00
CLI-5281,4,4,3,11,Champions,36,3,87,2026-03-24 17:42:00
CLI-6973,4,4,3,11,Champions,36,2,112,2026-03-24 01:11:00
CLI-6754,5,3,3,11,Leales,9,1,78,2026-04-20 00:21:00
CLI-6741,5,2,4,11,Clientes Recientes,9,1,120,2026-04-20 19:48:00
CLI-6735,5,2,4,11,Clientes Recientes,7,1,120,2026-04-22 08:56:00
CLI-5877,3,5,3,11,Leales,50,3,97,2026-03-10 15:01:00
CLI-5183,4,4,3,11,Champions,32,3,117,2026-03-28 07:14:00
CLI-5181,2,4,5,11,En Riesgo,100,3,246,2026-01-19 23:35:00
CLI-5968,1,5,5,11,No Perder,123,3,232,2025-12-27 07:56:00
CLI-5965,4,3,4,11,Leales,22,2,117,2026-04-07 14:09:00
CLI-6726,5,4,2,11,Champions,5,2,48,2026-04-24 08:16:00
CLI-5252,4,4,3,11,Champions,30,3,87,2026-03-30 20:00:00
CLI-5462,5,3,3,11,Leales,4,2,72,2026-04-25 15:51:00
CLI-5454,5,3,3,11,Leales,0,2,72,2026-04-29 11:08:00
CLI-6609,5,2,4,11,Clientes Recientes,9,1,120,2026-04-20 16:27:00
CLI-6592,5,4,2,11,Champions,9,2,48,2026-04-20 16:14:00
CLI-5239,2,4,5,11,En Riesgo,79,3,264,2026-02-09 05:03:00
CLI-6717,4,4,3,11,Champions,25,2,63,2026-04-04 04:06:00
CLI-5264,2,5,4,11,En Riesgo,98,4,165,2026-01-21 03:22:00
CLI-5263,5,3,3,11,Leales,4,2,78,2026-04-25 14:44:00
CLI-5257,2,5,4,11,En Riesgo,74,6,174,2026-02-14 18:38:00
CLI-5872,1,5,5,11,No Perder,128,3,399,2025-12-22 11:00:00
CLI-6716,3,5,3,11,Leales,49,3,87,2026-03-11 15:12:00
CLI-5481,2,4,5,11,En Riesgo,86,3,303,2026-02-02 18:38:00
CLI-5467,2,4,5,11,En Riesgo,99,3,279,2026-01-20 20:10:00
CLI-5307,5,3,3,11,Leales,3,2,87,2026-04-26 23:59:00
CLI-5303,2,5,4,11,En Riesgo,96,4,136,2026-01-23 19:25:00
CLI-5301,2,4,5,11,En Riesgo,78,3,276,2026-02-10 07:27:00
CLI-5418,4,4,3,11,Champions,22,3,97,2026-04-07 10:12:00
CLI-6025,3,5,3,11,Leales,63,3,112,2026-02-25 03:04:00
CLI-5866,5,3,3,11,Leales,13,2,78,2026-04-16 23:14:00
CLI-5856,4,3,4,11,Leales,24,2,154,2026-04-05 22:53:00
CLI-5803,4,4,3,11,Champions,33,3,97,2026-03-27 21:28:00
CLI-5837,3,5,3,11,Leales,44,3,102,2026-03-16 19:13:00
CLI-6048,4,4,3,11,Champions,38,2,63,2026-03-22 06:36:00
CLI-6780,3,4,4,11,Leales,46,2,159,2026-03-14 19:30:00
CLI-5394,2,4,5,11,En Riesgo,68,3,264,2026-02-20 14:00:00
CLI-5490,3,4,4,11,Leales,45,3,126,2026-03-15 23:40:00
CLI-5489,3,4,4,11,Leales,64,3,156,2026-02-24 05:21:00
CLI-6883,4,4,3,11,Champions,35,2,63,2026-03-25 14:50:00
CLI-6570,4,4,3,11,Champions,37,2,78,2026-03-23 06:10:00
CLI-6557,4,4,3,11,Champions,17,2,72,2026-04-12 02:17:00
CLI-5310,2,4,5,11,En Riesgo,97,3,384,2026-01-22 20:39:00
CLI-5309,4,4,3,11,Champions,25,3,82,2026-04-04 07:51:00
CLI-5447,4,4,3,11,Champions,26,3,72,2026-04-03 14:04:00
CLI-5355,3,4,4,11,Leales,53,3,141,2026-03-07 15:54:00
CLI-5353,5,3,3,11,Leales,11,2,117,2026-04-18 05:23:00
CLI-5343,4,4,3,11,Champions,19,3,111,2026-04-10 10:47:00
CLI-5780,3,4,4,11,Leales,59,3,117,2026-03-01 22:38:00
CLI-5770,5,3,3,11,Leales,6,2,87,2026-04-23 11:54:00
CLI-5769,4,3,4,11,Leales,20,2,154,2026-04-09 21:43:00
CLI-6790,4,4,3,11,Champions,36,2,63,2026-03-24 08:17:00
CLI-6116,3,4,4,11,Leales,60,2,117,2026-02-28 03:45:00
CLI-6865,4,4,3,11,Champions,29,2,78,2026-03-31 13:40:00
CLI-6856,3,5,3,11,Leales,64,3,112,2026-02-24 05:50:00
CLI-6700,4,4,3,11,Champions,32,2,112,2026-03-28 09:22:00
CLI-6694,3,4,4,11,Leales,57,2,168,2026-03-03 14:53:00
CLI-5702,2,4,5,11,En Riesgo,79,3,232,2026-02-09 15:48:00
CLI-6137,4,4,3,11,Champions,19,2,68,2026-04-10 00:46:00
CLI-6120,4,4,3,11,Champions,16,2,73,2026-04-13 10:41:00
CLI-6150,3,5,3,11,Leales,45,3,87,2026-03-15 08:24:00
CLI-5137,3,3,5,11,Leales,53,2,279,2026-03-07 20:41:00
CLI-5134,3,4,4,11,Leales,45,3,150,2026-03-15 17:10:00
CLI-6822,5,3,3,11,Leales,6,1,68,2026-04-23 01:54:00
CLI-6805,5,3,3,11,Leales,8,1,68,2026-04-21 02:53:00
CLI-5138,5,3,3,11,Leales,2,2,68,2026-04-27 16:37:00
CLI-5668,3,4,4,11,Leales,41,3,117,2026-03-19 15:08:00
CLI-5063,4,4,3,11,Champions,19,3,117,2026-04-10 03:22:00
CLI-5206,4,4,3,11,Champions,29,3,82,2026-03-31 13:06:00
CLI-5624,3,4,4,11,Leales,55,3,141,2026-03-05 21:23:00
CLI-5501,2,5,4,11,En Riesgo,66,4,141,2026-02-22 17:42:00
CLI-5494,3,3,5,11,Leales,58,2,188,2026-03-02 01:02:00
CLI-5493,2,4,5,11,En Riesgo,83,3,207,2026-02-05 08:53:00
CLI-5491,4,4,3,11,Champions,34,3,106,2026-03-26 08:38:00
CLI-6868,3,5,3,11,Leales,45,3,112,2026-03-15 01:36:00
CLI-6224,5,2,4,11,Clientes Recientes,8,1,120,2026-04-21 22:29:00
CLI-5333,3,4,4,11,Leales,58,3,151,2026-03-02 16:01:00
CLI-5326,3,4,4,11,Leales,61,3,156,2026-02-27 21:05:00
CLI-5320,2,4,5,11,En Riesgo,96,3,227,2026-01-23 02:10:00
CLI-6287,4,4,3,11,Champions,32,2,78,2026-03-28 19:17:00
CLI-6837,4,4,3,11,Champions,32,2,78,2026-03-28 10:00:00
CLI-6831,3,4,4,11,Leales,43,2,159,2026-03-17 18:49:00
CLI-5210,4,3,4,11,Leales,33,2,159,2026-03-27 07:39:00
CLI-6305,4,4,3,11,Champions,33,2,63,2026-03-27 18:19:00
CLI-6297,4,2,5,11,Clientes Recientes,23,1,240,2026-04-06 04:09:00
CLI-5619,5,3,3,11,Leales,15,2,92,2026-04-14 06:03:00
CLI-5221,3,4,4,11,Leales,58,3,178,2026-03-02 19:54:00
CLI-5546,2,4,5,11,En Riesgo,108,3,279,2026-01-11 08:36:00
CLI-5543,3,4,4,11,Leales,56,3,160,2026-03-04 01:33:00
CLI-6399,4,4,3,11,Champions,24,2,63,2026-04-05 15:28:00
CLI-6456,4,4,3,11,Champions,17,2,87,2026-04-12 21:06:00
CLI-6445,4,4,3,11,Champions,33,2,78,2026-03-27 13:48:00
CLI-6437,5,4,2,11,Champions,11,2,58,2026-04-18 17:47:00
CLI-6435,1,5,5,11,No Perder,126,3,183,2025-12-24 14:41:00
CLI-5503,5,3,3,11,Leales,14,2,87,2026-04-15 10:39:00
CLI-6851,4,4,3,11,Champions,23,2,102,2026-04-06 20:46:00
CLI-6328,4,4,3,11,Champions,20,2,116,2026-04-09 19:03:00
CLI-5593,5,3,3,11,Leales,6,2,73,2026-04-23 18:18:00
CLI-5131,4,4,3,11,Champions,26,3,102,2026-04-03 13:47:00
CLI-5124,4,3,4,11,Leales,17,2,156,2026-04-12 16:07:00
CLI-5121,4,4,3,11,Champions,34,3,112,2026-03-26 06:22:00
CLI-6365,5,2,4,11,Clientes Recientes,4,1,120,2026-04-25 07:57:00
CLI-6346,3,4,4,11,Leales,64,2,144,2026-02-24 14:53:00
CLI-5526,3,3,5,11,Leales,61,2,279,2026-02-27 05:02:00
CLI-6387,4,4,3,11,Champions,37,2,87,2026-03-23 08:16:00
CLI-6371,4,4,3,11,Champions,29,2,78,2026-03-31 00:47:00
CLI-6429,4,4,3,11,Champions,16,2,78,2026-04-13 13:51:00
CLI-5179,5,3,3,11,Leales,9,2,102,2026-04-20 09:53:00
CLI-5176,3,5,3,11,Leales,39,4,111,2026-03-21 08:37:00
CLI-5173,5,3,3,11,Leales,3,2,73,2026-04-26 02:43:00
CLI-5172,5,3,3,11,Leales,14,2,102,2026-04-15 13:29:00
CLI-5169,4,4,3,11,Champions,26,3,92,2026-04-03 11:18:00
CLI-5916,4,3,4,11,Leales,38,2,144,2026-03-22 05:37:00
CLI-5912,3,5,3,11,Leales,42,3,112,2026-03-18 11:25:00
CLI-5911,4,3,4,11,Leales,37,2,144,2026-03-23 22:30:00
CLI-5883,4,3,4,11,Leales,26,2,159,2026-04-03 11:39:00
CLI-5421,4,4,3,11,Champions,26,3,117,2026-04-03 06:11:00
CLI-6916,2,5,4,11,En Riesgo,108,3,165,2026-01-11 04:47:00
CLI-5292,4,4,3,11,Champions,27,3,112,2026-04-02 02:58:00
CLI-6978,4,4,3,11,Champions,24,2,78,2026-04-05 19:18:00
CLI-5286,5,3,2,10,Leales,10,2,48,2026-04-19 03:32:00
CLI-6952,5,3,2,10,Leales,3,1,39,2026-04-26 06:19:00
CLI-5458,4,3,3,10,Leales,34,2,78,2026-03-26 00:19:00
CLI-6644,3,4,3,10,Leales,63,2,63,2026-02-25 21:41:00
CLI-5265,2,4,4,10,En Riesgo,77,3,168,2026-02-11 11:04:00
CLI-5258,4,3,3,10,Leales,23,2,72,2026-04-06 00:31:00
CLI-6708,3,4,3,10,Leales,61,2,102,2026-02-27 15:25:00
CLI-6320,3,2,5,10,Prometedores,58,1,240,2026-03-02 23:37:00
CLI-6390,4,2,4,10,Clientes Recientes,37,1,120,2026-03-23 11:37:00
CLI-6414,3,4,3,10,Leales,63,2,63,2026-02-25 17:11:00
CLI-6944,3,4,3,10,Leales,63,2,63,2026-02-25 11:38:00
CLI-5999,5,3,2,10,Leales,2,2,63,2026-04-27 19:28:00
CLI-5487,1,4,5,10,No Perder,121,3,279,2025-12-29 10:25:00
CLI-5477,4,3,3,10,Leales,23,2,102,2026-04-06 17:04:00
CLI-5470,3,4,3,10,Leales,54,3,102,2026-03-06 21:30:00
CLI-5308,5,3,2,10,Leales,-1,2,63,2026-04-30 04:05:00
CLI-5985,3,3,4,10,Leales,55,2,159,2026-03-05 01:38:00
CLI-6026,3,4,3,10,Leales,45,2,87,2026-03-15 04:11:00
CLI-6021,2,4,4,10,En Riesgo,78,2,144,2026-02-10 07:27:00
CLI-5823,3,3,4,10,Leales,61,2,159,2026-02-27 13:00:00
CLI-5852,2,3,5,10,Hibernando,68,2,198,2026-02-20 19:31:00
CLI-6013,4,3,3,10,Leales,35,2,63,2026-03-25 07:00:00
CLI-6050,3,4,3,10,Leales,42,2,63,2026-03-18 23:30:00
CLI-5806,3,3,4,10,Leales,56,2,144,2026-03-04 09:56:00
CLI-5805,5,1,4,10,Clientes Recientes,9,1,120,2026-04-20 13:15:00
CLI-5800,3,3,4,10,Leales,65,2,154,2026-02-23 07:19:00
CLI-5795,5,3,2,10,Leales,12,2,63,2026-04-17 14:47:00
CLI-5091,3,3,4,10,Leales,41,2,159,2026-03-19 13:29:00
CLI-5087,1,4,5,10,No Perder,126,3,237,2025-12-24 10:57:00
CLI-5085,3,4,3,10,Leales,39,3,87,2026-03-21 06:09:00
CLI-6664,3,4,3,10,Leales,53,2,72,2026-03-07 11:38:00
CLI-6663,3,4,3,10,Leales,63,2,63,2026-02-25 14:50:00
CLI-6659,3,4,3,10,Leales,63,2,82,2026-02-25 10:18:00
CLI-5601,2,3,5,10,Hibernando,92,2,198,2026-01-27 06:23:00
CLI-5599,3,3,4,10,Leales,40,2,156,2026-03-20 08:53:00
CLI-5594,2,4,4,10,En Riesgo,85,3,141,2026-02-03 06:07:00
CLI-5575,3,3,4,10,Leales,61,2,117,2026-02-27 21:22:00
CLI-5617,3,3,4,10,Leales,39,2,117,2026-03-21 11:17:00
CLI-5227,5,3,2,10,Leales,11,2,63,2026-04-18 13:40:00
CLI-5539,2,4,4,10,En Riesgo,76,3,168,2026-02-12 11:24:00
CLI-5534,5,3,2,10,Leales,6,2,63,2026-04-23 14:57:00
CLI-6448,4,2,4,10,Clientes Recientes,31,1,120,2026-03-29 13:49:00
CLI-6093,3,4,3,10,Leales,58,2,63,2026-03-02 05:47:00
CLI-6088,2,4,4,10,En Riesgo,69,2,144,2026-02-19 12:16:00
CLI-6087,3,4,3,10,Leales,52,2,78,2026-03-08 21:20:00
CLI-6082,2,5,3,10,En Riesgo,70,3,102,2026-02-18 12:37:00
CLI-6777,2,5,3,10,En Riesgo,80,3,102,2026-02-08 08:46:00
CLI-5389,4,3,3,10,Leales,35,2,73,2026-03-25 17:50:00
CLI-5387,5,3,2,10,Leales,4,2,63,2026-04-25 11:41:00
CLI-6886,4,3,3,10,Leales,25,1,78,2026-04-04 21:43:00
CLI-6884,4,4,2,10,Champions,22,2,48,2026-04-07 16:43:00
CLI-6589,2,4,4,10,En Riesgo,69,2,159,2026-02-19 05:49:00
CLI-6584,2,4,4,10,En Riesgo,102,2,159,2026-01-17 00:24:00
CLI-6562,2,4,4,10,En Riesgo,70,2,154,2026-02-18 21:26:00
CLI-5372,5,3,2,10,Leales,2,2,63,2026-04-27 23:08:00
CLI-5370,4,3,3,10,Leales,23,2,78,2026-04-06 20:16:00
CLI-5369,5,3,2,10,Leales,4,2,63,2026-04-25 13:27:00
CLI-6268,3,4,3,10,Leales,60,2,78,2026-02-28 11:51:00
CLI-6267,2,5,3,10,En Riesgo,78,3,87,2026-02-10 19:57:00
CLI-6263,2,4,4,10,En Riesgo,104,2,144,2026-01-15 05:30:00
CLI-6261,2,4,4,10,En Riesgo,76,2,144,2026-02-12 14:22:00
CLI-6258,3,4,3,10,Leales,39,2,63,2026-03-21 16:56:00
CLI-5336,5,3,2,10,Leales,8,2,63,2026-04-21 12:14:00
CLI-5212,4,3,3,10,Leales,38,2,73,2026-03-22 09:59:00
CLI-6313,4,4,2,10,Champions,35,2,48,2026-03-25 06:49:00
CLI-6765,3,4,3,10,Leales,53,2,78,2026-03-07 17:01:00
CLI-6764,5,3,2,10,Leales,15,1,39,2026-04-14 14:11:00
CLI-6076,3,2,5,10,Prometedores,41,1,240,2026-03-19 20:13:00
CLI-6070,2,4,4,10,En Riesgo,66,2,156,2026-02-22 02:30:00
CLI-5253,4,3,3,10,Leales,35,2,78,2026-03-25 22:01:00
CLI-5346,4,3,3,10,Leales,23,2,73,2026-04-06 20:53:00
CLI-5789,5,3,2,10,Leales,13,2,63,2026-04-16 12:44:00
CLI-5782,3,3,4,10,Leales,59,2,144,2026-03-01 08:52:00
CLI-5767,3,3,4,10,Leales,40,2,154,2026-03-20 17:19:00
CLI-6793,5,3,2,10,Leales,7,1,39,2026-04-22 07:11:00
CLI-6110,4,4,2,10,Champions,36,2,58,2026-03-24 07:47:00
CLI-5630,5,3,2,10,Leales,11,2,63,2026-04-18 23:14:00
CLI-5519,3,3,4,10,Leales,63,2,144,2026-02-25 18:00:00
CLI-5517,3,4,3,10,Leales,59,3,102,2026-03-01 17:27:00
CLI-6434,2,4,4,10,En Riesgo,83,2,159,2026-02-05 19:53:00
CLI-6431,3,4,3,10,Leales,40,2,78,2026-03-20 19:14:00
CLI-6476,2,4,4,10,En Riesgo,66,2,144,2026-02-22 08:50:00
CLI-6511,2,4,4,10,En Riesgo,99,2,159,2026-01-20 08:08:00
CLI-5148,4,3,3,10,Leales,20,2,78,2026-04-09 00:21:00
CLI-5147,5,3,2,10,Leales,10,2,63,2026-04-19 10:58:00
CLI-5643,5,3,2,10,Leales,4,2,63,2026-04-25 14:42:00
CLI-5661,4,3,3,10,Leales,27,2,78,2026-04-02 17:46:00
CLI-5066,3,4,3,10,Leales,58,3,87,2026-03-02 09:15:00
CLI-5204,4,3,3,10,Leales,26,2,78,2026-04-03 16:45:00
CLI-6105,2,5,3,10,En Riesgo,92,3,82,2026-01-27 20:12:00
CLI-6104,3,2,5,10,Prometedores,64,1,240,2026-02-24 09:23:00
CLI-6098,3,4,3,10,Leales,42,2,73,2026-03-18 06:13:00
CLI-6097,3,4,3,10,Leales,58,2,107,2026-03-02 20:40:00
CLI-6854,4,3,3,10,Leales,36,1,78,2026-03-24 05:27:00
CLI-5511,4,1,5,10,Clientes Recientes,22,1,240,2026-04-07 12:58:00
CLI-6553,5,2,3,10,Clientes Recientes,1,1,78,2026-04-28 23:00:00
CLI-6540,3,4,3,10,Leales,44,2,68,2026-03-16 14:38:00
CLI-5412,3,3,4,10,Leales,53,2,168,2026-03-07 07:29:00
CLI-5395,3,4,3,10,Leales,40,3,102,2026-03-20 08:54:00
CLI-5752,2,5,3,10,En Riesgo,81,4,106,2026-02-07 14:17:00
CLI-5748,3,3,4,10,Leales,57,2,159,2026-03-03 22:30:00
CLI-5743,2,3,5,10,Hibernando,71,2,318,2026-02-17 05:36:00
CLI-5079,3,4,3,10,Leales,62,3,112,2026-02-26 09:53:00
CLI-6681,3,4,3,10,Leales,47,2,102,2026-03-13 17:51:00
CLI-6142,2,4,4,10,En Riesgo,95,2,144,2026-01-24 21:16:00
CLI-5707,5,1,4,10,Clientes Recientes,1,1,120,2026-04-28 02:17:00
CLI-5688,3,4,3,10,Leales,52,3,87,2026-03-08 09:48:00
CLI-5715,5,3,2,10,Leales,4,2,63,2026-04-25 04:09:00
CLI-6189,2,4,4,10,En Riesgo,94,2,159,2026-01-25 16:10:00
CLI-6185,4,2,4,10,Clientes Recientes,25,1,120,2026-04-04 20:44:00
CLI-6204,4,4,2,10,Champions,31,2,58,2026-03-29 20:17:00
CLI-5060,3,4,3,10,Leales,54,3,87,2026-03-06 15:42:00
CLI-6820,3,4,3,10,Leales,40,2,87,2026-03-20 02:31:00
CLI-6807,4,3,3,10,Leales,36,1,68,2026-03-24 06:48:00
CLI-6803,5,3,2,10,Leales,14,1,39,2026-04-15 05:54:00
CLI-5187,4,1,5,10,Clientes Recientes,29,1,240,2026-03-31 13:02:00
CLI-5186,3,4,3,10,Leales,44,3,87,2026-03-16 14:23:00
CLI-5741,2,4,4,10,En Riesgo,77,3,168,2026-02-11 18:46:00
CLI-5738,3,4,3,10,Leales,60,3,102,2026-02-28 09:49:00
CLI-5732,5,3,2,10,Leales,13,2,58,2026-04-16 07:11:00
CLI-6122,3,4,3,10,Leales,46,2,63,2026-03-14 07:52:00
CLI-6158,5,2,3,10,Clientes Recientes,10,1,78,2026-04-19 13:30:00
CLI-5280,3,3,4,10,Leales,42,2,144,2026-03-18 04:29:00
CLI-6892,2,4,4,10,En Riesgo,86,2,154,2026-02-02 18:30:00
CLI-5243,1,4,5,10,No Perder,119,3,183,2025-12-31 17:06:00
CLI-6901,5,3,2,10,Leales,2,1,39,2026-04-27 10:27:00
CLI-6900,4,4,2,10,Champions,27,2,48,2026-04-02 02:47:00
CLI-5938,2,5,3,10,En Riesgo,72,3,112,2026-02-16 06:07:00
CLI-5182,3,3,4,10,Leales,42,2,159,2026-03-18 20:16:00
CLI-5156,2,5,3,10,En Riesgo,101,4,111,2026-01-18 01:33:00
CLI-5463,5,3,2,10,Leales,8,2,58,2026-04-21 21:29:00
CLI-5909,4,3,3,10,Leales,28,2,72,2026-04-01 17:41:00
CLI-6994,5,3,2,10,Leales,4,1,39,2026-04-25 20:14:00
CLI-6988,3,4,3,10,Leales,50,2,87,2026-03-10 16:14:00
CLI-6636,3,4,3,10,Leales,47,2,63,2026-03-13 22:14:00
CLI-6626,5,2,3,10,Clientes Recientes,0,1,78,2026-04-29 08:25:00
CLI-5048,1,4,5,10,No Perder,154,3,198,2025-11-26 05:28:00
CLI-6910,4,3,2,9,Leales,23,1,39,2026-04-06 11:42:00
CLI-6917,5,3,1,9,Leales,10,1,24,2026-04-19 17:44:00
CLI-6632,5,2,2,9,Clientes Recientes,10,1,39,2026-04-19 13:48:00
CLI-5438,2,4,3,9,En Riesgo,78,3,87,2026-02-10 16:03:00
CLI-6984,2,3,4,9,Hibernando,68,1,120,2026-02-20 02:42:00
CLI-5954,4,3,2,9,Leales,19,2,48,2026-04-10 15:43:00
CLI-5894,2,3,4,9,Hibernando,90,2,159,2026-01-29 13:55:00
CLI-5915,4,1,4,9,Clientes Recientes,37,1,120,2026-03-23 03:08:00
CLI-5365,2,3,4,9,Hibernando,98,2,159,2026-01-21 14:12:00
CLI-5272,2,4,3,9,En Riesgo,70,3,72,2026-02-18 08:37:00
CLI-5962,2,3,4,9,Hibernando,76,2,144,2026-02-12 09:17:00
CLI-5873,4,3,2,9,Leales,34,2,48,2026-03-26 09:51:00
CLI-6728,3,2,4,9,Prometedores,58,1,120,2026-03-02 15:58:00
CLI-5925,4,3,2,9,Leales,29,2,63,2026-03-31 18:51:00
CLI-6904,2,4,3,9,En Riesgo,71,2,102,2026-02-17 22:28:00
CLI-5247,2,3,4,9,Hibernando,94,2,144,2026-01-25 01:52:00
CLI-5251,3,3,3,9,Leales,39,2,78,2026-03-21 01:15:00
CLI-6192,2,2,5,9,Por Despertar,76,1,240,2026-02-12 13:50:00
CLI-6197,2,4,3,9,En Riesgo,84,2,63,2026-02-04 02:35:00
CLI-6152,2,4,3,9,En Riesgo,82,2,107,2026-02-06 07:50:00
CLI-6153,3,2,4,9,Prometedores,55,1,120,2026-03-05 16:25:00
CLI-6168,5,2,2,9,Clientes Recientes,12,1,39,2026-04-17 02:42:00
CLI-6170,3,2,4,9,Prometedores,49,1,120,2026-03-11 01:54:00
CLI-6132,2,4,3,9,En Riesgo,98,2,107,2026-01-21 23:49:00
CLI-6133,2,4,3,9,En Riesgo,67,2,112,2026-02-21 09:56:00
CLI-5731,2,3,4,9,Hibernando,96,2,154,2026-01-23 10:19:00
CLI-5149,4,3,2,9,Leales,30,2,63,2026-03-30 13:18:00
CLI-5697,4,1,4,9,Clientes Recientes,18,1,120,2026-04-11 17:38:00
CLI-6798,4,3,2,9,Leales,24,1,39,2026-04-05 20:00:00
CLI-6205,4,2,3,9,Clientes Recientes,38,1,78,2026-03-22 10:57:00
CLI-5713,2,4,3,9,En Riesgo,92,3,112,2026-01-27 01:16:00
CLI-5721,2,3,4,9,Hibernando,95,2,159,2026-01-24 07:51:00
CLI-5696,4,3,2,9,Leales,36,2,58,2026-03-24 13:52:00
CLI-6683,1,4,4,9,No Perder,150,2,144,2025-11-30 08:54:00
CLI-5077,2,4,3,9,En Riesgo,75,3,117,2026-02-13 01:19:00
CLI-6695,3,2,4,9,Prometedores,42,1,120,2026-03-18 13:54:00
CLI-5190,4,3,2,9,Leales,23,2,63,2026-04-06 09:00:00
CLI-5751,2,3,4,9,Hibernando,106,2,168,2026-01-13 07:45:00
CLI-5764,2,3,4,9,Hibernando,97,2,144,2026-01-22 09:39:00
CLI-5401,4,3,2,9,Leales,16,2,58,2026-04-13 19:35:00
CLI-5409,3,3,3,9,Leales,40,2,117,2026-03-20 21:07:00
CLI-6590,4,2,3,9,Clientes Recientes,25,1,78,2026-04-04 15:32:00
CLI-6541,4,2,3,9,Clientes Recientes,30,1,78,2026-03-30 06:12:00
CLI-6542,3,4,2,9,Leales,61,2,58,2026-02-27 13:40:00
CLI-5510,5,1,3,9,Clientes Recientes,2,1,78,2026-04-27 22:44:00
CLI-6858,1,3,5,9,Hibernando,169,1,240,2025-11-11 08:27:00
CLI-6863,5,3,1,9,Leales,9,1,34,2026-04-20 18:46:00
CLI-6099,2,4,3,9,En Riesgo,89,2,63,2026-01-30 19:16:00
CLI-5203,4,3,2,9,Leales,21,2,63,2026-04-08 18:06:00
CLI-5208,2,4,3,9,En Riesgo,86,3,102,2026-02-02 19:46:00
CLI-5646,4,3,2,9,Leales,32,2,58,2026-03-28 04:20:00
CLI-5650,3,3,3,9,Leales,46,2,78,2026-03-14 15:38:00
CLI-5669,2,3,4,9,Hibernando,74,2,156,2026-02-14 02:47:00
CLI-6230,2,2,5,9,Por Despertar,86,1,240,2026-02-02 21:10:00
CLI-6232,5,2,2,9,Clientes Recientes,14,1,48,2026-04-15 16:45:00
CLI-6236,5,2,2,9,Clientes Recientes,13,1,39,2026-04-16 02:40:00
CLI-6238,3,2,4,9,Prometedores,49,1,120,2026-03-11 01:54:00
CLI-6247,3,2,4,9,Prometedores,39,1,120,2026-03-21 16:21:00
CLI-5382,3,3,3,9,Leales,61,2,73,2026-02-27 06:46:00
CLI-6496,5,2,2,9,Clientes Recientes,4,1,48,2026-04-25 21:36:00
CLI-6478,3,2,4,9,Prometedores,59,1,120,2026-03-01 17:12:00
CLI-5518,4,1,4,9,Clientes Recientes,33,1,120,2026-03-27 12:49:00
CLI-5521,3,3,3,9,Leales,55,2,107,2026-03-05 08:17:00
CLI-5499,3,3,3,9,Leales,39,2,87,2026-03-21 15:44:00
CLI-5383,2,3,4,9,Hibernando,71,2,154,2026-02-17 17:14:00
CLI-5625,4,3,2,9,Leales,25,2,48,2026-04-04 16:36:00
CLI-5626,4,1,4,9,Clientes Recientes,36,1,120,2026-03-24 18:28:00
CLI-5339,2,4,3,9,En Riesgo,69,3,102,2026-02-19 03:36:00
CLI-5341,4,3,2,9,Leales,33,2,63,2026-03-27 13:43:00
CLI-5347,4,3,2,9,Leales,29,2,63,2026-03-31 23:43:00
CLI-6069,3,4,2,9,Leales,48,2,48,2026-03-12 23:23:00
CLI-6071,3,2,4,9,Prometedores,44,1,120,2026-03-16 00:25:00
CLI-6303,3,2,4,9,Prometedores,44,1,120,2026-03-16 07:01:00
CLI-6825,4,3,2,9,Leales,36,1,39,2026-03-24 02:54:00
CLI-6836,4,3,2,9,Leales,38,1,48,2026-03-22 01:24:00
CLI-6260,5,2,2,9,Clientes Recientes,8,1,39,2026-04-21 01:33:00
CLI-6225,2,4,3,9,En Riesgo,76,2,63,2026-02-12 14:03:00
CLI-6769,4,3,2,9,Leales,22,1,39,2026-04-07 20:02:00
CLI-6770,2,4,3,9,En Riesgo,97,2,78,2026-01-22 06:15:00
CLI-6774,3,4,2,9,Leales,48,2,48,2026-03-12 05:01:00
CLI-6091,2,2,5,9,Por Despertar,91,1,240,2026-01-28 13:36:00
CLI-6670,5,2,2,9,Clientes Recientes,5,1,39,2026-04-24 09:22:00
CLI-6846,2,4,3,9,En Riesgo,82,2,63,2026-02-06 22:56:00
CLI-6852,1,3,5,9,Hibernando,153,1,240,2025-11-27 14:31:00
CLI-5609,4,3,2,9,Leales,30,2,63,2026-03-30 22:38:00
CLI-5612,5,1,3,9,Clientes Recientes,1,1,78,2026-04-28 22:07:00
CLI-5502,2,3,4,9,Hibernando,93,2,126,2026-01-26 21:20:00
CLI-5504,4,3,2,9,Leales,28,2,63,2026-04-01 08:48:00
CLI-5533,3,3,3,9,Leales,63,2,73,2026-02-25 11:50:00
CLI-5615,5,1,3,9,Clientes Recientes,4,1,78,2026-04-25 13:46:00
CLI-5620,3,3,3,9,Leales,54,2,107,2026-03-06 03:24:00
CLI-6294,2,4,3,9,En Riesgo,101,2,63,2026-01-18 15:10:00
CLI-6322,3,2,4,9,Prometedores,65,1,120,2026-02-23 00:24:00
CLI-5579,3,3,3,9,Leales,46,2,102,2026-03-14 21:52:00
CLI-5595,2,3,4,9,Hibernando,86,2,154,2026-02-02 17:21:00
CLI-5548,2,3,4,9,Hibernando,99,2,154,2026-01-20 00:34:00
CLI-5552,2,4,3,9,En Riesgo,101,3,87,2026-01-18 17:03:00
CLI-5093,3,3,3,9,Leales,52,2,78,2026-03-08 11:50:00
CLI-6043,2,4,3,9,En Riesgo,105,2,102,2026-01-14 03:46:00
CLI-6054,2,4,3,9,En Riesgo,97,2,78,2026-01-22 21:49:00
CLI-6056,5,2,2,9,Clientes Recientes,15,1,39,2026-04-14 17:35:00
CLI-6060,4,2,3,9,Clientes Recientes,31,1,78,2026-03-29 16:24:00
CLI-6067,1,4,4,9,No Perder,113,2,159,2026-01-06 23:30:00
CLI-6068,5,2,2,9,Clientes Recientes,4,1,39,2026-04-25 20:35:00
CLI-5845,3,3,3,9,Leales,43,2,72,2026-03-17 07:58:00
CLI-5993,3,3,3,9,Leales,50,2,73,2026-03-10 09:20:00
CLI-5298,2,4,3,9,En Riesgo,83,3,112,2026-02-05 11:45:00
CLI-5299,3,3,3,9,Leales,64,2,78,2026-02-24 13:07:00
CLI-5475,2,3,4,9,Hibernando,74,2,159,2026-02-14 13:38:00
CLI-5476,4,3,2,9,Leales,20,2,63,2026-04-09 09:09:00
CLI-5479,4,3,2,9,Leales,17,2,63,2026-04-12 07:58:00
CLI-5486,3,3,3,9,Leales,50,2,78,2026-03-10 13:08:00
CLI-6008,5,1,3,9,Clientes Recientes,1,1,78,2026-04-28 20:37:00
CLI-6707,2,2,5,9,Por Despertar,78,1,240,2026-02-10 05:18:00
CLI-6415,3,4,2,9,Leales,57,2,58,2026-03-03 21:40:00
CLI-6418,5,2,2,9,Clientes Recientes,6,1,39,2026-04-23 13:24:00
CLI-6375,2,4,3,9,En Riesgo,77,2,78,2026-02-11 02:43:00
CLI-6378,3,2,4,9,Prometedores,57,1,120,2026-03-03 21:46:00
CLI-5564,4,3,2,9,Leales,31,2,63,2026-03-29 19:42:00
CLI-5566,1,3,5,9,Hibernando,134,2,188,2025-12-16 06:26:00
CLI-5531,2,3,4,9,Hibernando,107,2,159,2026-01-12 20:20:00
CLI-6343,1,4,4,9,No Perder,148,2,117,2025-12-02 04:46:00
CLI-6354,3,2,4,9,Prometedores,53,1,120,2026-03-07 05:34:00
CLI-6318,1,4,4,9,No Perder,114,2,159,2026-01-05 15:05:00
CLI-6321,2,4,3,9,En Riesgo,92,2,78,2026-01-27 21:40:00
CLI-5130,4,3,2,9,Leales,23,2,48,2026-04-06 04:11:00
CLI-5868,4,1,4,9,Clientes Recientes,17,1,120,2026-04-12 00:06:00
CLI-5268,2,4,3,9,En Riesgo,78,3,97,2026-02-10 05:51:00
CLI-6724,1,4,4,9,No Perder,139,2,144,2025-12-11 09:49:00
CLI-6725,3,2,4,9,Prometedores,63,1,120,2026-02-25 09:44:00
CLI-5240,2,4,3,9,En Riesgo,71,3,72,2026-02-17 13:53:00
CLI-6645,2,4,3,9,En Riesgo,104,2,63,2026-01-15 11:04:00
CLI-6647,3,2,4,9,Prometedores,54,1,120,2026-03-06 02:23:00
CLI-6613,3,2,4,9,Prometedores,60,1,120,2026-02-28 21:17:00
CLI-5448,2,4,3,9,En Riesgo,95,3,117,2026-01-24 04:10:00
CLI-5449,1,3,5,9,Hibernando,151,2,240,2025-11-29 08:12:00
CLI-5456,4,1,4,9,Clientes Recientes,22,1,120,2026-04-07 14:02:00
CLI-6999,4,3,2,9,Leales,25,1,39,2026-04-04 22:14:00
CLI-6980,2,4,3,9,En Riesgo,96,2,92,2026-01-23 08:26:00
CLI-6948,3,3,2,8,Leales,49,1,39,2026-03-11 14:33:00
CLI-6992,3,3,2,8,Leales,58,1,48,2026-03-02 22:53:00
CLI-6993,3,3,2,8,Leales,55,1,39,2026-03-05 01:51:00
CLI-6651,2,2,4,8,Por Despertar,91,1,120,2026-01-28 12:50:00
CLI-6997,4,3,1,8,Leales,33,1,34,2026-03-27 04:45:00
CLI-6615,1,4,3,8,No Perder,145,2,63,2025-12-05 17:12:00
CLI-5907,3,3,2,8,Leales,39,2,63,2026-03-21 10:52:00
CLI-5891,3,1,4,8,Prometedores,50,1,120,2026-03-10 22:06:00
CLI-5180,1,3,4,8,Hibernando,123,2,144,2025-12-27 16:39:00
CLI-6620,1,2,5,8,Hibernando,178,1,240,2025-11-02 20:48:00
CLI-5416,3,3,2,8,Leales,55,2,48,2026-03-05 13:38:00
CLI-5928,4,1,3,8,Clientes Recientes,28,1,78,2026-04-01 05:13:00
CLI-6757,4,3,1,8,Leales,24,1,24,2026-04-05 02:25:00
CLI-5158,1,3,4,8,Hibernando,158,2,159,2025-11-22 12:09:00
CLI-6937,3,3,2,8,Leales,44,1,39,2026-03-16 13:14:00
CLI-6719,4,2,2,8,Clientes Recientes,35,1,39,2026-03-25 08:19:00
CLI-6709,4,2,2,8,Clientes Recientes,37,1,48,2026-03-23 08:14:00
CLI-5482,2,3,3,8,Hibernando,103,2,78,2026-01-16 17:18:00
CLI-5256,2,3,3,8,Hibernando,68,2,78,2026-02-20 02:13:00
CLI-6621,1,4,3,8,No Perder,130,2,102,2025-12-20 03:42:00
CLI-6656,4,2,2,8,Clientes Recientes,21,1,39,2026-04-08 12:21:00
CLI-5234,2,3,3,8,Hibernando,103,2,73,2026-01-16 01:34:00
CLI-6064,1,4,3,8,No Perder,132,2,78,2025-12-18 13:43:00
CLI-6454,4,2,2,8,Clientes Recientes,35,1,39,2026-03-25 16:33:00
CLI-6079,4,2,2,8,Clientes Recientes,16,1,39,2026-04-13 22:26:00
CLI-6383,2,2,4,8,Por Despertar,77,1,120,2026-02-11 20:43:00
CLI-6425,1,4,3,8,No Perder,131,2,63,2025-12-19 23:48:00
CLI-5228,1,4,3,8,No Perder,130,3,102,2025-12-20 12:19:00
CLI-5224,1,4,3,8,No Perder,133,3,102,2025-12-17 03:10:00
CLI-5542,3,3,2,8,Leales,48,2,63,2026-03-12 06:49:00
CLI-5535,3,3,2,8,Leales,53,2,63,2026-03-07 23:56:00
CLI-6477,4,2,2,8,Clientes Recientes,32,1,39,2026-03-28 13:40:00
CLI-5836,5,1,2,8,Clientes Recientes,15,1,39,2026-04-14 14:33:00
CLI-5799,3,1,4,8,Prometedores,50,1,120,2026-03-10 08:20:00
CLI-6012,3,1,4,8,Prometedores,46,1,120,2026-03-14 06:53:00
CLI-6459,4,2,2,8,Clientes Recientes,25,1,39,2026-04-04 15:22:00
CLI-6465,3,2,3,8,Prometedores,63,1,68,2026-02-25 03:07:00
CLI-5859,5,1,2,8,Clientes Recientes,4,1,39,2026-04-25 21:37:00
CLI-6020,2,4,2,8,En Riesgo,102,2,48,2026-01-17 20:26:00
CLI-5111,3,3,2,8,Leales,65,2,63,2026-02-23 13:59:00
CLI-5115,2,3,3,8,Hibernando,103,2,112,2026-01-16 23:56:00
CLI-6005,2,3,3,8,Hibernando,85,2,78,2026-02-03 17:49:00
CLI-5994,3,3,2,8,Leales,63,2,63,2026-02-25 22:38:00
CLI-5987,3,3,2,8,Leales,43,2,63,2026-03-17 18:49:00
CLI-6034,5,1,2,8,Clientes Recientes,5,1,39,2026-04-24 21:57:00
CLI-6537,2,2,4,8,Por Despertar,98,1,120,2026-01-21 15:44:00
CLI-6531,5,2,1,8,Clientes Recientes,8,1,34,2026-04-21 00:12:00
CLI-5791,3,1,4,8,Prometedores,53,1,120,2026-03-07 17:59:00
CLI-5516,3,3,2,8,Leales,58,2,63,2026-03-02 16:23:00
CLI-5508,1,4,3,8,No Perder,116,3,111,2026-01-03 11:10:00
CLI-5718,3,3,2,8,Leales,42,2,48,2026-03-18 22:40:00
CLI-5712,3,1,4,8,Prometedores,41,1,120,2026-03-19 09:39:00
CLI-5317,1,3,4,8,Hibernando,153,2,159,2025-11-27 09:55:00
CLI-6285,3,2,3,8,Prometedores,44,1,78,2026-03-16 06:33:00
CLI-6284,2,2,4,8,Por Despertar,86,1,120,2026-02-02 21:31:00
CLI-6824,3,3,2,8,Leales,44,1,39,2026-03-16 00:01:00
CLI-6209,3,2,3,8,Prometedores,41,1,78,2026-03-19 19:16:00
CLI-6823,4,3,1,8,Leales,31,1,24,2026-03-29 21:42:00
CLI-6812,2,4,2,8,En Riesgo,82,2,48,2026-02-06 20:08:00
CLI-6797,1,4,3,8,No Perder,148,2,63,2025-12-02 17:41:00
CLI-6808,4,3,1,8,Leales,38,1,24,2026-03-22 22:15:00
CLI-5691,3,1,4,8,Prometedores,62,1,120,2026-02-26 03:39:00
CLI-5679,3,1,4,8,Prometedores,61,1,120,2026-02-27 00:35:00
CLI-6253,1,4,3,8,No Perder,134,2,63,2025-12-16 16:38:00
CLI-6254,4,2,2,8,Clientes Recientes,29,1,39,2026-03-31 18:03:00
CLI-6252,1,4,3,8,No Perder,121,2,78,2025-12-29 04:07:00
CLI-6180,3,2,3,8,Prometedores,58,1,78,2026-03-02 08:13:00
CLI-6229,4,2,2,8,Clientes Recientes,33,1,39,2026-03-27 09:53:00
CLI-5641,4,1,3,8,Clientes Recientes,35,1,78,2026-03-25 04:51:00
CLI-5271,5,1,2,8,Clientes Recientes,11,1,48,2026-04-18 10:16:00
CLI-6242,2,4,2,8,En Riesgo,108,2,48,2026-01-11 18:59:00
CLI-5665,1,3,4,8,Hibernando,142,2,144,2025-12-08 10:55:00
CLI-5666,3,3,2,8,Leales,48,2,63,2026-03-12 05:12:00
CLI-5659,5,1,2,8,Clientes Recientes,10,1,48,2026-04-19 02:07:00
CLI-5664,2,1,5,8,Por Despertar,90,1,240,2026-01-29 07:09:00
CLI-5645,3,1,4,8,Prometedores,65,1,120,2026-02-23 22:48:00
CLI-5375,3,3,2,8,Leales,50,2,63,2026-03-10 16:12:00
CLI-6667,4,2,2,8,Clientes Recientes,24,1,39,2026-04-05 07:18:00
CLI-6332,2,2,4,8,Por Despertar,93,1,120,2026-01-26 06:14:00
CLI-5765,3,1,4,8,Prometedores,64,1,120,2026-02-24 07:23:00
CLI-6100,4,2,2,8,Clientes Recientes,16,1,39,2026-04-13 20:41:00
CLI-5189,3,1,4,8,Prometedores,49,1,120,2026-03-11 12:21:00
CLI-6106,2,2,4,8,Por Despertar,97,1,120,2026-01-22 01:51:00
CLI-5573,2,3,3,8,Hibernando,76,2,73,2026-02-12 00:25:00
CLI-5581,3,1,4,8,Prometedores,42,1,120,2026-03-18 18:12:00
CLI-5699,2,3,3,8,Hibernando,73,2,78,2026-02-15 09:19:00
CLI-5600,3,3,2,8,Leales,52,2,48,2026-03-08 07:52:00
CLI-5610,2,3,3,8,Hibernando,93,2,87,2026-01-26 03:29:00
CLI-5611,1,3,4,8,Hibernando,159,2,159,2025-11-21 15:58:00
CLI-6299,2,2,4,8,Por Despertar,99,1,120,2026-01-20 03:40:00
CLI-6149,3,2,3,8,Prometedores,39,1,78,2026-03-21 02:58:00
CLI-6671,3,2,3,8,Prometedores,59,1,78,2026-03-01 05:10:00
CLI-6360,4,2,2,8,Clientes Recientes,28,1,39,2026-04-01 19:59:00
CLI-5118,3,3,2,8,Leales,39,2,48,2026-03-21 13:16:00
CLI-5198,2,3,3,8,Hibernando,106,2,73,2026-01-13 21:27:00
CLI-6393,5,2,1,8,Clientes Recientes,11,1,24,2026-04-18 22:06:00
CLI-6396,5,2,1,8,Clientes Recientes,5,1,24,2026-04-24 23:13:00
CLI-6336,5,2,1,8,Clientes Recientes,12,1,34,2026-04-17 17:29:00
CLI-6340,1,2,5,8,Hibernando,173,1,240,2025-11-07 12:36:00
CLI-6341,5,2,1,8,Clientes Recientes,8,1,24,2026-04-21 08:29:00
CLI-6356,3,2,3,8,Prometedores,57,1,78,2026-03-03 07:18:00
CLI-6357,1,2,5,8,Hibernando,115,1,240,2026-01-04 00:25:00
CLI-5568,5,1,2,8,Clientes Recientes,-1,1,48,2026-04-30 23:28:00
CLI-6077,1,4,3,8,No Perder,110,2,63,2026-01-09 21:50:00
CLI-5530,2,3,3,8,Hibernando,109,2,87,2026-01-10 01:51:00
CLI-5571,3,1,4,8,Prometedores,57,1,120,2026-03-03 02:39:00
CLI-5776,3,3,2,8,Leales,48,2,48,2026-03-12 05:25:00
CLI-6788,1,3,4,8,Hibernando,129,1,120,2025-12-21 22:13:00
CLI-5773,2,3,3,8,Hibernando,67,2,78,2026-02-21 01:48:00
CLI-6092,3,2,3,8,Prometedores,46,1,78,2026-03-14 11:27:00
CLI-6083,3,2,3,8,Prometedores,42,1,68,2026-03-18 01:47:00
CLI-6888,1,4,3,8,No Perder,117,2,78,2026-01-02 16:07:00
CLI-6889,3,3,2,8,Leales,64,1,39,2026-02-24 18:59:00
CLI-5279,1,4,3,8,No Perder,111,3,102,2026-01-08 02:54:00
CLI-6903,4,3,1,8,Leales,19,1,24,2026-04-10 22:42:00
CLI-5294,3,1,4,8,Prometedores,62,1,120,2026-02-26 12:35:00
CLI-5293,2,3,3,8,Hibernando,99,2,78,2026-01-20 20:38:00
CLI-6628,3,2,3,8,Prometedores,41,1,78,2026-03-19 02:03:00
CLI-6919,1,3,4,8,Hibernando,155,1,120,2025-11-25 09:01:00
CLI-5426,1,4,3,8,No Perder,137,3,117,2025-12-13 08:19:00
CLI-6259,5,2,1,8,Clientes Recientes,14,1,24,2026-04-15 12:14:00
CLI-6275,4,2,2,8,Clientes Recientes,19,1,39,2026-04-10 16:51:00
CLI-6828,3,3,2,8,Leales,57,1,39,2026-03-03 11:54:00
CLI-5217,2,3,3,8,Hibernando,89,2,107,2026-01-30 09:07:00
CLI-6844,1,4,3,8,No Perder,139,2,63,2025-12-11 09:18:00
CLI-5801,2,1,4,7,Por Despertar,105,1,120,2026-01-14 08:54:00
CLI-6047,4,2,1,7,Clientes Recientes,38,1,24,2026-03-22 23:58:00
CLI-6706,1,2,4,7,Hibernando,115,1,120,2026-01-04 19:59:00
CLI-6000,2,1,4,7,Por Despertar,103,1,120,2026-01-16 23:07:00
CLI-5990,2,1,4,7,Por Despertar,69,1,120,2026-02-19 01:21:00
CLI-5991,5,1,1,7,Clientes Recientes,2,1,24,2026-04-27 03:16:00
CLI-6037,4,1,2,7,Clientes Recientes,29,1,39,2026-03-31 17:54:00
CLI-6512,2,2,3,7,Por Despertar,87,1,78,2026-02-01 23:38:00
CLI-6546,1,2,4,7,Hibernando,125,1,120,2025-12-25 07:01:00
CLI-5218,2,1,4,7,Por Despertar,100,1,120,2026-01-19 18:46:00
CLI-6495,1,2,4,7,Hibernando,123,1,120,2025-12-27 10:06:00
CLI-6490,2,2,3,7,Por Despertar,109,1,78,2026-01-10 08:54:00
CLI-6860,2,3,2,7,Hibernando,82,1,39,2026-02-06 05:13:00
CLI-6876,3,3,1,7,Leales,56,1,24,2026-03-04 16:39:00
CLI-5819,4,1,2,7,Clientes Recientes,22,1,39,2026-04-07 16:29:00
CLI-5107,2,3,2,7,Hibernando,108,2,63,2026-01-11 13:34:00
CLI-6433,4,2,1,7,Clientes Recientes,33,1,24,2026-03-27 07:55:00
CLI-6446,1,2,4,7,Hibernando,128,1,120,2025-12-22 04:30:00
CLI-5398,2,3,2,7,Hibernando,70,2,63,2026-02-18 06:20:00
CLI-6513,4,2,1,7,Clientes Recientes,22,1,24,2026-04-07 18:22:00
CLI-6028,5,1,1,7,Clientes Recientes,-1,1,24,2026-04-30 05:17:00
CLI-5464,4,1,2,7,Clientes Recientes,18,1,48,2026-04-11 20:38:00
CLI-5978,2,1,4,7,Por Despertar,94,1,120,2026-01-25 19:18:00
CLI-5314,1,1,5,7,Perdidos,179,1,240,2025-11-01 09:48:00
CLI-6616,3,2,2,7,Prometedores,58,1,39,2026-03-02 15:51:00
CLI-6991,2,3,2,7,Hibernando,85,1,39,2026-02-03 17:22:00
CLI-5902,2,3,2,7,Hibernando,101,2,63,2026-01-18 23:53:00
CLI-5942,2,1,4,7,Por Despertar,97,1,120,2026-01-22 20:22:00
CLI-5952,5,1,1,7,Clientes Recientes,13,1,34,2026-04-16 12:12:00
CLI-5955,4,1,2,7,Clientes Recientes,18,1,39,2026-04-11 06:01:00
CLI-6753,1,3,3,7,Hibernando,169,1,78,2025-11-11 09:55:00
CLI-6749,2,2,3,7,Por Despertar,83,1,78,2026-02-05 15:06:00
CLI-5875,5,1,1,7,Clientes Recientes,13,1,24,2026-04-16 04:26:00
CLI-6927,1,3,3,7,Hibernando,169,1,68,2025-11-11 14:44:00
CLI-6624,2,2,3,7,Por Despertar,74,1,78,2026-02-14 18:52:00
CLI-5937,4,1,2,7,Clientes Recientes,19,1,39,2026-04-10 02:24:00
CLI-6617,3,2,2,7,Prometedores,58,1,39,2026-03-02 12:06:00
CLI-6713,1,4,2,7,No Perder,111,2,58,2026-01-08 03:32:00
CLI-6720,3,2,2,7,Prometedores,61,1,39,2026-02-27 01:51:00
CLI-6583,4,2,1,7,Clientes Recientes,20,1,24,2026-04-09 03:17:00
CLI-5305,1,3,3,7,Hibernando,128,2,72,2025-12-22 21:56:00
CLI-5304,5,1,1,7,Clientes Recientes,-1,1,39,2026-04-30 15:37:00
CLI-6711,1,2,4,7,Hibernando,163,1,120,2025-11-17 16:15:00
CLI-6582,1,2,4,7,Hibernando,134,1,120,2025-12-16 19:19:00
CLI-6761,3,3,1,7,Leales,58,1,24,2026-03-02 22:35:00
CLI-6878,2,3,2,7,Hibernando,78,1,39,2026-02-10 01:21:00
CLI-6588,3,2,2,7,Prometedores,42,1,39,2026-03-18 04:07:00
CLI-5855,5,1,1,7,Clientes Recientes,6,1,24,2026-04-23 05:56:00
CLI-6023,2,1,4,7,Por Despertar,105,1,120,2026-01-14 17:15:00
CLI-6472,4,2,1,7,Clientes Recientes,34,1,24,2026-03-26 19:13:00
CLI-6775,1,3,3,7,Hibernando,152,1,78,2025-11-28 15:50:00
CLI-6768,1,3,3,7,Hibernando,172,1,78,2025-11-08 15:06:00
CLI-5815,2,1,4,7,Por Despertar,104,1,120,2026-01-15 07:28:00
CLI-6386,4,2,1,7,Clientes Recientes,20,1,34,2026-04-09 14:48:00
CLI-6379,4,2,1,7,Clientes Recientes,32,1,24,2026-03-28 10:46:00
CLI-6381,3,2,2,7,Prometedores,57,1,48,2026-03-03 07:56:00
CLI-5226,4,1,2,7,Clientes Recientes,22,1,48,2026-04-07 23:21:00
CLI-5233,1,3,3,7,Hibernando,132,2,117,2025-12-18 08:23:00
CLI-6397,1,2,4,7,Hibernando,122,1,120,2025-12-28 03:08:00
CLI-5838,4,1,2,7,Clientes Recientes,33,1,39,2026-03-27 07:43:00
CLI-6480,3,2,2,7,Prometedores,61,1,39,2026-02-27 18:53:00
CLI-5735,2,3,2,7,Hibernando,66,2,63,2026-02-22 18:47:00
CLI-6690,2,2,3,7,Por Despertar,102,1,68,2026-01-17 12:39:00
CLI-6687,3,2,2,7,Prometedores,58,1,39,2026-03-02 23:41:00
CLI-5729,1,3,3,7,Hibernando,134,2,78,2025-12-16 09:50:00
CLI-6678,3,2,2,7,Prometedores,40,1,39,2026-03-20 23:15:00
CLI-6101,2,2,3,7,Por Despertar,76,1,78,2026-02-12 16:30:00
CLI-5779,2,3,2,7,Hibernando,96,2,48,2026-01-23 13:05:00
CLI-6353,4,2,1,7,Clientes Recientes,29,1,24,2026-03-31 18:39:00
CLI-5342,2,1,4,7,Por Despertar,104,1,120,2026-01-15 00:44:00
CLI-6044,3,2,2,7,Prometedores,47,1,39,2026-03-13 23:05:00
CLI-6080,2,2,3,7,Por Despertar,74,1,78,2026-02-14 15:44:00
CLI-6112,1,4,2,7,No Perder,115,2,58,2026-01-04 15:13:00
CLI-5562,2,3,2,7,Hibernando,105,2,58,2026-01-14 13:06:00
CLI-5567,2,3,2,7,Hibernando,107,2,63,2026-01-12 12:33:00
CLI-6698,1,2,4,7,Hibernando,152,1,120,2025-11-28 16:59:00
CLI-5750,2,1,4,7,Por Despertar,109,1,120,2026-01-10 03:11:00
CLI-6362,4,2,1,7,Clientes Recientes,31,1,34,2026-03-29 22:57:00
CLI-5132,2,3,2,7,Hibernando,83,2,63,2026-02-05 13:09:00
CLI-5760,4,1,2,7,Clientes Recientes,36,1,48,2026-03-24 14:55:00
CLI-6691,4,2,1,7,Clientes Recientes,35,1,24,2026-03-25 21:45:00
CLI-5587,2,1,4,7,Por Despertar,102,1,120,2026-01-17 09:45:00
CLI-6298,3,2,2,7,Prometedores,41,1,39,2026-03-19 23:32:00
CLI-6295,1,2,4,7,Hibernando,149,1,120,2025-12-01 06:17:00
CLI-6676,3,2,2,7,Prometedores,57,1,39,2026-03-03 02:17:00
CLI-6675,4,2,1,7,Clientes Recientes,29,1,34,2026-03-31 13:06:00
CLI-5604,5,1,1,7,Clientes Recientes,14,1,24,2026-04-15 12:44:00
CLI-6154,4,2,1,7,Clientes Recientes,19,1,24,2026-04-10 15:43:00
CLI-6164,1,2,4,7,Hibernando,146,1,120,2025-12-04 06:05:00
CLI-6130,4,2,1,7,Clientes Recientes,32,1,34,2026-03-28 20:30:00
CLI-5739,5,1,1,7,Clientes Recientes,14,1,24,2026-04-15 09:31:00
CLI-6841,2,3,2,7,Hibernando,76,1,39,2026-02-12 00:28:00
CLI-6839,2,3,2,7,Hibernando,68,1,39,2026-02-20 09:22:00
CLI-6308,1,2,4,7,Hibernando,139,1,120,2025-12-11 23:25:00
CLI-6842,1,4,2,7,No Perder,143,2,48,2025-12-07 23:46:00
CLI-5319,2,3,2,7,Hibernando,82,2,63,2026-02-06 20:29:00
CLI-5710,3,1,3,7,Prometedores,52,1,78,2026-03-08 03:23:00
CLI-5670,2,3,2,7,Hibernando,82,2,63,2026-02-06 13:13:00
CLI-6200,3,2,2,7,Prometedores,42,1,39,2026-03-18 18:51:00
CLI-6201,4,2,1,7,Clientes Recientes,25,1,24,2026-04-04 09:01:00
CLI-6193,1,2,4,7,Hibernando,139,1,120,2025-12-11 16:40:00
CLI-5671,5,1,1,7,Clientes Recientes,11,1,39,2026-04-18 05:15:00
CLI-6314,3,2,2,7,Prometedores,46,1,39,2026-03-14 11:37:00
CLI-6249,1,2,4,7,Hibernando,117,1,120,2026-01-02 16:10:00
CLI-5367,1,3,3,7,Hibernando,119,2,78,2025-12-31 16:33:00
CLI-5660,2,3,2,7,Hibernando,66,2,58,2026-02-22 00:48:00
CLI-5146,2,3,2,7,Hibernando,102,2,48,2026-01-17 19:58:00
CLI-6939,2,3,2,7,Hibernando,92,1,48,2026-01-27 13:24:00
CLI-6914,2,3,2,7,Hibernando,73,1,39,2026-02-15 07:09:00
CLI-6637,4,2,1,7,Clientes Recientes,21,1,24,2026-04-08 14:44:00
CLI-5241,1,3,3,7,Hibernando,142,2,78,2025-12-08 22:42:00
CLI-6909,2,3,2,7,Hibernando,78,1,39,2026-02-10 02:37:00
CLI-6897,2,3,2,7,Hibernando,78,1,39,2026-02-10 14:27:00
CLI-5274,5,1,1,7,Clientes Recientes,10,1,39,2026-04-19 01:51:00
CLI-6945,1,3,2,6,Hibernando,168,1,39,2025-11-12 02:27:00
CLI-6890,1,3,2,6,Hibernando,124,1,39,2025-12-26 19:44:00
CLI-6926,1,3,2,6,Hibernando,112,1,39,2026-01-07 18:29:00
CLI-6959,1,3,2,6,Hibernando,164,1,39,2025-11-16 20:21:00
CLI-6643,3,2,1,6,Prometedores,51,1,24,2026-03-09 06:56:00
CLI-6642,3,2,1,6,Prometedores,60,1,24,2026-02-28 02:49:00
CLI-6954,2,3,1,6,Hibernando,77,1,24,2026-02-11 23:11:00
CLI-5329,4,1,1,6,Clientes Recientes,33,1,24,2026-03-27 01:45:00
CLI-6311,3,2,1,6,Prometedores,64,1,24,2026-02-24 03:05:00
CLI-6188,1,2,3,6,Hibernando,127,1,68,2025-12-23 01:21:00
CLI-6810,2,3,1,6,Hibernando,78,1,24,2026-02-10 00:15:00
CLI-5673,4,1,1,6,Clientes Recientes,22,1,39,2026-04-07 19:03:00
CLI-5714,1,1,4,6,Perdidos,156,1,120,2025-11-24 11:32:00
CLI-5672,4,1,1,6,Clientes Recientes,16,1,24,2026-04-13 07:14:00
CLI-6191,2,2,2,6,Por Despertar,69,1,39,2026-02-19 22:50:00
CLI-6216,2,2,2,6,Por Despertar,78,1,39,2026-02-10 03:47:00
CLI-5335,1,1,4,6,Perdidos,174,1,120,2025-11-06 23:07:00
CLI-5614,1,3,2,6,Hibernando,124,2,48,2025-12-26 00:30:00
CLI-5701,4,1,1,6,Clientes Recientes,18,1,34,2026-04-11 02:11:00
CLI-6196,2,2,2,6,Por Despertar,70,1,39,2026-02-18 15:46:00
CLI-5726,4,1,1,6,Clientes Recientes,29,1,24,2026-03-31 12:50:00
CLI-5730,2,1,3,6,Por Despertar,80,1,78,2026-02-08 18:52:00
CLI-5762,4,1,1,6,Clientes Recientes,36,1,24,2026-03-24 12:51:00
CLI-6369,2,2,2,6,Por Despertar,66,1,39,2026-02-22 05:10:00
CLI-5745,4,1,1,6,Clientes Recientes,22,1,34,2026-04-07 04:15:00
CLI-6704,2,2,2,6,Por Despertar,80,1,39,2026-02-08 15:49:00
CLI-6363,2,2,2,6,Por Despertar,68,1,48,2026-02-20 05:27:00
CLI-5555,4,1,1,6,Clientes Recientes,30,1,24,2026-03-30 02:46:00
CLI-5772,4,1,1,6,Clientes Recientes,16,1,24,2026-04-13 10:23:00
CLI-5786,4,1,1,6,Clientes Recientes,38,1,39,2026-03-22 21:35:00
CLI-5553,1,3,2,6,Hibernando,127,2,63,2025-12-23 04:06:00
CLI-6392,2,2,2,6,Por Despertar,70,1,39,2026-02-18 06:57:00
CLI-5525,1,1,4,6,Perdidos,154,1,120,2025-11-26 07:05:00
CLI-5754,1,1,4,6,Perdidos,124,1,120,2025-12-26 17:43:00
CLI-6679,2,2,2,6,Por Despertar,84,1,39,2026-02-04 09:03:00
CLI-6853,2,3,1,6,Hibernando,75,1,24,2026-02-13 01:11:00
CLI-6673,2,2,2,6,Por Despertar,80,1,39,2026-02-08 01:12:00
CLI-6669,2,2,2,6,Por Despertar,104,1,39,2026-01-15 05:16:00
CLI-5598,4,1,1,6,Clientes Recientes,20,1,39,2026-04-09 16:47:00
CLI-6677,2,2,2,6,Por Despertar,104,1,39,2026-01-15 07:45:00
CLI-6324,2,2,2,6,Por Despertar,88,1,39,2026-01-31 04:22:00
CLI-5583,1,1,4,6,Perdidos,177,1,120,2025-11-03 10:07:00
CLI-6176,2,2,2,6,Por Despertar,98,1,39,2026-01-21 22:47:00
CLI-5608,1,3,2,6,Hibernando,156,2,58,2025-11-24 01:56:00
CLI-6157,3,2,1,6,Prometedores,61,1,24,2026-02-27 18:37:00
CLI-6161,2,2,2,6,Por Despertar,88,1,39,2026-01-31 07:31:00
CLI-5613,1,1,4,6,Perdidos,112,1,120,2026-01-07 20:10:00
CLI-6781,1,3,2,6,Hibernando,126,1,39,2025-12-24 07:46:00
CLI-6117,3,2,1,6,Prometedores,40,1,24,2026-03-20 10:04:00
CLI-6789,1,3,2,6,Hibernando,149,1,39,2025-12-01 01:54:00
CLI-6597,3,2,1,6,Prometedores,59,1,24,2026-03-01 03:26:00
CLI-6027,1,1,4,6,Perdidos,133,1,120,2025-12-17 03:53:00
CLI-5402,4,1,1,6,Clientes Recientes,16,1,24,2026-04-13 12:38:00
CLI-5870,3,1,2,6,Prometedores,50,1,39,2026-03-10 08:18:00
CLI-5261,4,1,1,6,Clientes Recientes,26,1,34,2026-04-03 17:25:00
CLI-5150,4,1,1,6,Clientes Recientes,25,1,39,2026-04-04 08:26:00
CLI-5411,1,1,4,6,Perdidos,135,1,120,2025-12-15 16:12:00
CLI-6760,1,3,2,6,Hibernando,138,1,39,2025-12-12 21:16:00
CLI-5483,4,1,1,6,Clientes Recientes,25,1,34,2026-04-04 04:26:00
CLI-5413,1,3,2,6,Hibernando,138,2,63,2025-12-12 09:46:00
CLI-6574,2,2,2,6,Por Despertar,85,1,39,2026-02-03 04:03:00
CLI-6578,3,2,1,6,Prometedores,47,1,24,2026-03-13 09:23:00
CLI-6710,2,2,2,6,Por Despertar,100,1,39,2026-01-19 17:35:00
CLI-6714,2,2,2,6,Por Despertar,80,1,39,2026-02-08 17:50:00
CLI-6758,1,3,2,6,Hibernando,169,1,39,2025-11-11 03:19:00
CLI-5443,4,1,1,6,Clientes Recientes,25,1,24,2026-04-04 11:31:00
CLI-6933,1,3,2,6,Hibernando,140,1,39,2025-12-10 06:02:00
CLI-5950,3,1,2,6,Prometedores,59,1,39,2026-03-01 07:54:00
CLI-5887,1,1,4,6,Perdidos,123,1,120,2025-12-27 09:58:00
CLI-5898,4,1,1,6,Clientes Recientes,37,1,24,2026-03-23 12:46:00
CLI-6614,1,2,3,6,Hibernando,157,1,78,2025-11-23 00:13:00
CLI-6646,2,2,2,6,Por Despertar,88,1,39,2026-01-31 14:03:00
CLI-6650,3,2,1,6,Prometedores,51,1,24,2026-03-09 13:34:00
CLI-5966,1,1,4,6,Perdidos,115,1,120,2026-01-04 01:44:00
CLI-5941,4,1,1,6,Clientes Recientes,33,1,24,2026-03-27 16:02:00
CLI-6751,1,2,3,6,Hibernando,131,1,78,2025-12-19 14:16:00
CLI-6747,2,2,2,6,Por Despertar,106,1,39,2026-01-13 10:33:00
CLI-5984,2,1,3,6,Por Despertar,85,1,78,2026-02-03 08:39:00
CLI-5455,2,1,3,6,Por Despertar,98,1,78,2026-01-21 15:24:00
CLI-5452,1,3,2,6,Hibernando,136,2,63,2025-12-14 19:45:00
CLI-6619,2,2,2,6,Por Despertar,78,1,39,2026-02-10 06:53:00
CLI-6652,3,2,1,6,Prometedores,59,1,34,2026-03-01 01:10:00
CLI-6401,2,2,2,6,Por Despertar,108,1,39,2026-01-11 13:25:00
CLI-6031,3,1,2,6,Prometedores,57,1,39,2026-03-03 13:42:00
CLI-5103,4,1,1,6,Clientes Recientes,33,1,24,2026-03-27 13:28:00
CLI-6504,3,2,1,6,Prometedores,54,1,34,2026-03-06 20:38:00
CLI-5851,1,1,4,6,Perdidos,140,1,120,2025-12-10 20:55:00
CLI-6482,2,2,2,6,Por Despertar,84,1,39,2026-02-04 22:28:00
CLI-6464,2,2,2,6,Por Despertar,81,1,39,2026-02-07 09:40:00
CLI-5850,2,1,3,6,Por Despertar,72,1,78,2026-02-16 08:16:00
CLI-6873,1,3,2,6,Hibernando,128,1,39,2025-12-22 05:20:00
CLI-6857,1,3,2,6,Hibernando,178,1,39,2025-11-02 01:17:00
CLI-6001,3,1,2,6,Prometedores,58,1,39,2026-03-02 18:43:00
CLI-5509,4,1,1,6,Clientes Recientes,38,1,24,2026-03-22 09:15:00
CLI-6489,2,2,2,6,Por Despertar,89,1,39,2026-01-30 11:05:00
CLI-6492,3,2,1,6,Prometedores,53,1,24,2026-03-07 20:39:00
CLI-6016,4,1,1,6,Clientes Recientes,25,1,24,2026-04-04 02:16:00
CLI-6059,3,2,1,6,Prometedores,40,1,24,2026-03-20 15:20:00
CLI-5813,4,1,1,6,Clientes Recientes,35,1,24,2026-03-25 03:49:00
CLI-6400,3,2,1,6,Prometedores,40,1,24,2026-03-20 10:01:00
CLI-6452,2,2,2,6,Por Despertar,71,1,39,2026-02-17 13:36:00
CLI-6447,2,2,2,6,Por Despertar,89,1,39,2026-01-30 08:04:00
CLI-5106,1,3,2,6,Hibernando,113,2,63,2026-01-06 18:30:00
CLI-5513,2,1,3,6,Por Despertar,107,1,68,2026-01-12 02:55:00
CLI-5807,4,1,1,6,Clientes Recientes,23,1,34,2026-04-06 05:49:00
CLI-5541,1,1,4,6,Perdidos,115,1,120,2026-01-04 20:01:00
CLI-6078,3,2,1,6,Prometedores,44,1,24,2026-03-16 05:41:00
CLI-5812,4,1,1,6,Clientes Recientes,23,1,39,2026-04-06 23:59:00
CLI-6413,1,2,3,6,Hibernando,118,1,78,2026-01-01 16:53:00
CLI-6772,1,3,2,6,Hibernando,110,1,39,2026-01-09 23:13:00
CLI-5215,3,1,1,5,Prometedores,42,1,34,2026-03-18 13:13:00
CLI-6228,1,2,2,5,Hibernando,175,1,39,2025-11-05 04:06:00
CLI-6227,1,2,2,5,Hibernando,170,1,39,2025-11-10 10:23:00
CLI-5289,3,1,1,5,Prometedores,44,1,39,2026-03-16 16:40:00
CLI-5784,3,1,1,5,Prometedores,50,1,39,2026-03-10 05:26:00
CLI-5340,1,1,3,5,Perdidos,160,1,78,2025-11-20 02:36:00
CLI-5356,1,1,3,5,Perdidos,112,1,78,2026-01-07 05:25:00
CLI-5348,3,1,1,5,Prometedores,47,1,24,2026-03-13 18:21:00
CLI-5811,3,1,1,5,Prometedores,51,1,24,2026-03-09 17:42:00
CLI-6391,1,2,2,5,Hibernando,136,1,39,2025-12-14 08:22:00
CLI-5556,3,1,1,5,Prometedores,41,1,39,2026-03-19 05:05:00
CLI-5569,3,1,1,5,Prometedores,61,1,24,2026-02-27 06:12:00
CLI-5523,3,1,1,5,Prometedores,53,1,39,2026-03-07 23:03:00
CLI-5522,3,1,1,5,Prometedores,54,1,34,2026-03-06 06:50:00
CLI-5705,2,1,2,5,Por Despertar,92,1,48,2026-01-27 14:39:00
CLI-6102,2,2,1,5,Por Despertar,81,1,34,2026-02-07 05:01:00
CLI-6323,1,2,2,5,Hibernando,147,1,39,2025-12-03 21:46:00
CLI-6367,2,2,1,5,Por Despertar,102,1,34,2026-01-17 17:13:00
CLI-6364,1,2,2,5,Hibernando,141,1,39,2025-12-09 22:12:00
CLI-6394,1,2,2,5,Hibernando,159,1,39,2025-11-21 07:35:00
CLI-5724,3,1,1,5,Prometedores,45,1,24,2026-03-15 08:47:00
CLI-6160,1,2,2,5,Hibernando,144,1,39,2025-12-06 15:00:00
CLI-6118,1,2,2,5,Hibernando,126,1,39,2025-12-24 03:05:00
CLI-6172,1,2,2,5,Hibernando,129,1,39,2025-12-21 17:05:00
CLI-6119,2,2,1,5,Por Despertar,78,1,24,2026-02-10 12:46:00
CLI-6296,1,2,2,5,Hibernando,157,1,39,2025-11-23 08:58:00
CLI-6131,1,2,2,5,Hibernando,117,1,39,2026-01-02 22:36:00
CLI-6127,1,2,2,5,Hibernando,172,1,39,2025-11-08 23:21:00
CLI-6307,1,2,2,5,Hibernando,133,1,39,2025-12-17 16:38:00
CLI-6330,1,2,2,5,Hibernando,134,1,39,2025-12-16 15:29:00
CLI-6194,1,2,2,5,Hibernando,157,1,39,2025-11-23 22:52:00
CLI-6668,1,2,2,5,Hibernando,130,1,39,2025-12-20 08:51:00
CLI-6697,1,2,2,5,Hibernando,158,1,39,2025-11-22 12:06:00
CLI-5584,2,1,2,5,Por Despertar,79,1,48,2026-02-09 07:41:00
CLI-6140,2,2,1,5,Por Despertar,105,1,24,2026-01-14 08:09:00
CLI-5706,3,1,1,5,Prometedores,40,1,39,2026-03-20 00:10:00
CLI-5337,2,1,2,5,Por Despertar,105,1,48,2026-01-14 17:30:00
CLI-6146,2,2,1,5,Por Despertar,94,1,24,2026-01-25 09:42:00
CLI-6246,1,2,2,5,Hibernando,138,1,39,2025-12-12 10:29:00
CLI-6975,1,3,1,5,Hibernando,171,1,34,2025-11-09 04:18:00
CLI-5290,3,1,1,5,Prometedores,39,1,39,2026-03-21 22:41:00
CLI-6976,1,3,1,5,Hibernando,131,1,34,2025-12-19 02:10:00
CLI-6635,2,2,1,5,Por Despertar,107,1,24,2026-01-12 08:35:00
CLI-6966,1,3,1,5,Hibernando,117,1,34,2026-01-02 05:02:00
CLI-5285,3,1,1,5,Prometedores,48,1,39,2026-03-12 00:41:00
CLI-5288,3,1,1,5,Prometedores,43,1,24,2026-03-17 15:52:00
CLI-6264,1,2,2,5,Hibernando,130,1,39,2025-12-20 19:54:00
CLI-5638,2,1,2,5,Por Despertar,88,1,48,2026-01-31 07:29:00
CLI-6277,1,2,2,5,Hibernando,163,1,39,2025-11-17 11:32:00
CLI-6276,2,2,1,5,Por Despertar,76,1,24,2026-02-12 15:49:00
CLI-5631,1,1,3,5,Perdidos,129,1,68,2025-12-21 01:14:00
CLI-6223,1,2,2,5,Hibernando,174,1,39,2025-11-06 01:38:00
CLI-6815,1,3,1,5,Hibernando,149,1,34,2025-12-01 09:56:00
CLI-6206,1,2,2,5,Hibernando,175,1,39,2025-11-05 18:20:00
CLI-6212,2,2,1,5,Por Despertar,80,1,24,2026-02-08 01:00:00
CLI-6214,1,2,2,5,Hibernando,166,1,39,2025-11-14 04:40:00
CLI-6178,2,2,1,5,Por Despertar,84,1,34,2026-02-04 20:30:00
CLI-5328,1,1,3,5,Perdidos,157,1,78,2025-11-23 20:24:00
CLI-6265,1,2,2,5,Hibernando,127,1,39,2025-12-23 18:50:00
CLI-5677,3,1,1,5,Prometedores,45,1,24,2026-03-15 07:47:00
CLI-5698,1,1,3,5,Perdidos,148,1,78,2025-12-02 23:42:00
CLI-6183,2,2,1,5,Por Despertar,108,1,24,2026-01-11 02:22:00
CLI-5321,2,1,2,5,Por Despertar,101,1,48,2026-01-18 16:58:00
CLI-6182,1,2,2,5,Hibernando,111,1,39,2026-01-08 03:21:00
CLI-6843,1,3,1,5,Hibernando,110,1,24,2026-01-09 00:34:00
CLI-6838,1,3,1,5,Hibernando,134,1,24,2025-12-16 16:14:00
CLI-6826,1,3,1,5,Hibernando,112,1,34,2026-01-07 01:47:00
CLI-5536,3,1,1,5,Prometedores,43,1,39,2026-03-17 17:10:00
CLI-6004,3,1,1,5,Prometedores,53,1,24,2026-03-07 18:30:00
CLI-6855,1,3,1,5,Hibernando,152,1,24,2025-11-28 02:17:00
CLI-6487,1,2,2,5,Hibernando,128,1,39,2025-12-22 06:09:00
CLI-6859,1,3,1,5,Hibernando,151,1,34,2025-11-29 08:03:00
CLI-5363,3,1,1,5,Prometedores,58,1,24,2026-03-02 04:46:00
CLI-5847,3,1,1,5,Prometedores,39,1,24,2026-03-21 15:13:00
CLI-6499,1,2,2,5,Hibernando,178,1,39,2025-11-02 13:00:00
CLI-6010,2,1,2,5,Por Despertar,88,1,39,2026-01-31 20:11:00
CLI-6510,1,2,2,5,Hibernando,162,1,48,2025-11-18 04:46:00
CLI-6460,1,2,2,5,Hibernando,166,1,39,2025-11-14 08:37:00
CLI-6500,1,2,2,5,Hibernando,128,1,39,2025-12-22 05:01:00
CLI-6507,1,2,2,5,Hibernando,131,1,48,2025-12-19 22:39:00
CLI-5820,2,1,2,5,Por Despertar,68,1,39,2026-02-20 13:59:00
CLI-5818,1,1,3,5,Perdidos,122,1,78,2025-12-28 05:58:00
CLI-5863,2,1,2,5,Por Despertar,83,1,39,2026-02-05 12:49:00
CLI-5862,3,1,1,5,Prometedores,65,1,24,2026-02-23 13:02:00
CLI-6473,1,2,2,5,Hibernando,169,1,39,2025-11-11 17:18:00
CLI-6466,1,2,2,5,Hibernando,137,1,39,2025-12-13 14:48:00
CLI-6461,1,2,2,5,Hibernando,160,1,39,2025-11-20 19:30:00
CLI-6407,1,2,2,5,Hibernando,130,1,39,2025-12-20 23:12:00
CLI-6096,1,2,2,5,Hibernando,122,1,39,2025-12-28 22:43:00
CLI-6042,1,2,2,5,Hibernando,142,1,39,2025-12-08 03:40:00
CLI-6771,1,3,1,5,Hibernando,154,1,24,2025-11-26 23:57:00
CLI-5230,3,1,1,5,Prometedores,62,1,24,2026-02-26 04:53:00
CLI-6066,1,2,2,5,Hibernando,169,1,39,2025-11-11 12:06:00
CLI-6451,2,2,1,5,Por Despertar,68,1,24,2026-02-20 19:19:00
CLI-6055,1,2,2,5,Hibernando,176,1,39,2025-11-04 20:18:00
CLI-6051,2,2,1,5,Por Despertar,89,1,34,2026-01-30 13:32:00
CLI-5797,3,1,1,5,Prometedores,40,1,39,2026-03-20 01:25:00
CLI-5794,3,1,1,5,Prometedores,52,1,39,2026-03-08 22:35:00
CLI-5793,3,1,1,5,Prometedores,43,1,39,2026-03-17 18:18:00
CLI-5835,2,1,2,5,Por Despertar,106,1,39,2026-01-13 09:39:00
CLI-6404,1,2,2,5,Hibernando,163,1,39,2025-11-17 07:12:00
CLI-6657,1,2,2,5,Hibernando,153,1,39,2025-11-27 10:34:00
CLI-5466,2,1,2,5,Por Despertar,101,1,48,2026-01-18 03:54:00
CLI-5469,3,1,1,5,Prometedores,59,1,39,2026-03-01 14:05:00
CLI-6556,1,2,2,5,Hibernando,176,1,39,2025-11-04 12:38:00
CLI-5484,3,1,1,5,Prometedores,42,1,24,2026-03-18 00:08:00
CLI-6576,2,2,1,5,Por Despertar,95,1,34,2026-01-24 22:05:00
CLI-6567,2,2,1,5,Por Despertar,74,1,24,2026-02-14 21:13:00
CLI-6522,1,2,2,5,Hibernando,179,1,39,2025-11-01 09:39:00
CLI-6530,1,2,2,5,Hibernando,169,1,39,2025-11-11 11:51:00
CLI-6532,1,2,2,5,Hibernando,147,1,39,2025-12-03 10:49:00
CLI-6539,1,2,2,5,Hibernando,145,1,39,2025-12-05 00:06:00
CLI-5997,2,1,2,5,Por Despertar,97,1,39,2026-01-22 13:28:00
CLI-6516,1,2,2,5,Hibernando,162,1,39,2025-11-18 11:57:00
CLI-5254,3,1,1,5,Prometedores,54,1,24,2026-03-06 05:47:00
CLI-6763,1,3,1,5,Hibernando,147,1,24,2025-12-03 17:44:00
CLI-5986,2,1,2,5,Por Despertar,83,1,39,2026-02-05 20:31:00
CLI-5297,3,1,1,5,Prometedores,59,1,39,2026-03-01 01:48:00
CLI-5927,3,1,1,5,Prometedores,49,1,34,2026-03-11 09:16:00
CLI-6742,1,2,2,5,Hibernando,176,1,48,2025-11-04 06:34:00
CLI-5457,3,1,1,5,Prometedores,43,1,24,2026-03-17 22:34:00
CLI-5420,3,1,1,5,Prometedores,59,1,39,2026-03-01 06:11:00
CLI-6623,2,2,1,5,Por Despertar,78,1,24,2026-02-10 22:10:00
CLI-5453,1,1,3,5,Perdidos,135,1,78,2025-12-15 15:11:00
CLI-5958,2,1,2,5,Por Despertar,68,1,39,2026-02-20 03:04:00
CLI-5178,3,1,1,5,Prometedores,48,1,24,2026-03-12 23:11:00
CLI-5922,2,1,2,5,Por Despertar,108,1,39,2026-01-11 01:07:00
CLI-6934,1,3,1,5,Hibernando,168,1,24,2025-11-12 07:39:00
CLI-6610,2,2,1,5,Por Despertar,68,1,24,2026-02-20 14:24:00
CLI-5442,3,1,1,5,Prometedores,47,1,39,2026-03-13 02:22:00
CLI-5439,3,1,1,5,Prometedores,56,1,34,2026-03-04 17:06:00
CLI-6971,1,3,1,5,Hibernando,173,1,24,2025-11-07 12:58:00
CLI-5273,2,1,1,4,Por Despertar,71,1,39,2026-02-17 01:45:00
CLI-6634,1,2,1,4,Hibernando,127,1,24,2025-12-23 02:01:00
CLI-6640,1,2,1,4,Hibernando,129,1,24,2025-12-21 02:35:00
CLI-6599,1,2,1,4,Hibernando,113,1,34,2026-01-06 19:31:00
CLI-6604,1,2,1,4,Hibernando,174,1,24,2025-11-06 11:05:00
CLI-5313,2,1,1,4,Por Despertar,98,1,39,2026-01-21 12:53:00
CLI-6560,1,2,1,4,Hibernando,120,1,24,2025-12-30 14:39:00
CLI-6569,1,2,1,4,Hibernando,157,1,24,2025-11-23 03:43:00
CLI-6524,1,2,1,4,Hibernando,131,1,24,2025-12-19 07:10:00
CLI-6550,1,2,1,4,Hibernando,141,1,24,2025-12-09 19:12:00
CLI-6498,1,2,1,4,Hibernando,163,1,24,2025-11-17 12:23:00
CLI-6436,1,2,1,4,Hibernando,128,1,24,2025-12-22 08:10:00
CLI-6432,1,2,1,4,Hibernando,172,1,34,2025-11-08 16:15:00
CLI-6458,1,2,1,4,Hibernando,136,1,34,2025-12-14 20:01:00
CLI-6402,1,2,1,4,Hibernando,125,1,34,2025-12-25 15:32:00
CLI-6374,1,2,1,4,Hibernando,124,1,24,2025-12-26 03:30:00
CLI-6406,1,2,1,4,Hibernando,136,1,24,2025-12-14 04:42:00
CLI-6419,1,2,1,4,Hibernando,175,1,24,2025-11-05 15:41:00
CLI-6426,1,2,1,4,Hibernando,162,1,34,2025-11-18 03:06:00
CLI-6327,1,2,1,4,Hibernando,132,1,24,2025-12-18 20:18:00
CLI-6388,1,2,1,4,Hibernando,146,1,24,2025-12-04 03:44:00
CLI-6288,1,2,1,4,Hibernando,169,1,34,2025-11-11 06:25:00
CLI-6309,1,2,1,4,Hibernando,137,1,24,2025-12-13 04:45:00
CLI-5540,2,1,1,4,Por Despertar,67,1,24,2026-02-21 15:36:00
CLI-5220,2,1,1,4,Por Despertar,98,1,39,2026-01-21 01:37:00
CLI-6283,1,2,1,4,Hibernando,161,1,24,2025-11-19 20:57:00
CLI-5331,2,1,1,4,Por Despertar,78,1,24,2026-02-10 00:28:00
CLI-6222,1,2,1,4,Hibernando,156,1,24,2025-11-24 19:50:00
CLI-6195,1,2,1,4,Hibernando,131,1,24,2025-12-19 04:31:00
CLI-6210,1,2,1,4,Hibernando,138,1,24,2025-12-12 14:28:00
CLI-6198,1,2,1,4,Hibernando,139,1,34,2025-12-11 00:59:00
CLI-6121,1,2,1,4,Hibernando,160,1,24,2025-11-20 06:47:00
CLI-6135,1,2,1,4,Hibernando,111,1,34,2026-01-08 03:42:00
CLI-6141,1,2,1,4,Hibernando,139,1,24,2025-12-11 16:27:00
CLI-6169,1,2,1,4,Hibernando,136,1,24,2025-12-14 05:58:00
CLI-6145,1,2,1,4,Hibernando,151,1,34,2025-11-29 19:32:00
CLI-6114,1,2,1,4,Hibernando,112,1,24,2026-01-07 12:31:00
CLI-6111,1,2,1,4,Hibernando,151,1,34,2025-11-29 06:28:00
CLI-6109,1,2,1,4,Hibernando,142,1,24,2025-12-08 23:54:00
CLI-5977,1,1,2,4,Perdidos,135,1,48,2025-12-15 20:51:00
CLI-5159,2,1,1,4,Por Despertar,82,1,39,2026-02-06 11:57:00
CLI-5971,1,1,2,4,Perdidos,128,1,39,2025-12-22 23:46:00
CLI-5344,1,1,2,4,Perdidos,131,1,48,2025-12-19 00:08:00
CLI-5351,2,1,1,4,Por Despertar,73,1,39,2026-02-15 12:32:00
CLI-5352,2,1,1,4,Por Despertar,73,1,39,2026-02-15 05:06:00
CLI-5996,1,1,2,4,Perdidos,129,1,48,2025-12-21 15:37:00
CLI-6727,1,2,1,4,Hibernando,174,1,34,2025-11-06 04:16:00
CLI-5914,2,1,1,4,Por Despertar,82,1,34,2026-02-06 20:00:00
CLI-5881,1,1,2,4,Perdidos,178,1,39,2025-11-02 10:15:00
CLI-6746,1,2,1,4,Hibernando,151,1,24,2025-11-29 07:29:00
CLI-5888,2,1,1,4,Por Despertar,87,1,24,2026-02-01 20:35:00
CLI-5926,1,1,2,4,Perdidos,141,1,48,2025-12-09 05:03:00
CLI-5944,1,1,2,4,Perdidos,177,1,39,2025-11-03 03:27:00
CLI-5983,2,1,1,4,Por Despertar,79,1,24,2026-02-09 18:03:00
CLI-5980,2,1,1,4,Por Despertar,87,1,24,2026-02-01 13:14:00
CLI-5824,1,1,2,4,Perdidos,175,1,39,2025-11-05 12:11:00
CLI-6729,1,2,1,4,Hibernando,140,1,34,2025-12-10 20:55:00
CLI-5841,1,1,2,4,Perdidos,152,1,39,2025-11-28 18:53:00
CLI-5834,2,1,1,4,Por Despertar,99,1,34,2026-01-20 12:45:00
CLI-5860,1,1,2,4,Perdidos,167,1,39,2025-11-13 22:08:00
CLI-5865,2,1,1,4,Por Despertar,75,1,24,2026-02-13 08:40:00
CLI-5853,1,1,2,4,Perdidos,134,1,39,2025-12-16 18:52:00
CLI-5843,1,1,2,4,Perdidos,129,1,39,2025-12-21 03:46:00
CLI-5260,2,1,1,4,Por Despertar,87,1,39,2026-02-01 16:07:00
CLI-5400,1,1,2,4,Perdidos,145,1,48,2025-12-05 13:15:00
CLI-5287,2,1,1,4,Por Despertar,73,1,39,2026-02-15 15:49:00
CLI-5419,2,1,1,4,Por Despertar,100,1,39,2026-01-19 11:35:00
CLI-5450,2,1,1,4,Por Despertar,101,1,24,2026-01-18 05:31:00
CLI-5460,2,1,1,4,Por Despertar,87,1,24,2026-02-01 23:49:00
CLI-5415,2,1,1,4,Por Despertar,87,1,24,2026-02-01 07:52:00
CLI-5485,2,1,1,4,Por Despertar,73,1,39,2026-02-15 22:21:00
CLI-5249,2,1,1,4,Por Despertar,109,1,39,2026-01-10 04:47:00
CLI-5436,2,1,1,4,Por Despertar,75,1,24,2026-02-13 12:47:00
CLI-5655,2,1,1,4,Por Despertar,84,1,24,2026-02-04 04:26:00
CLI-5602,2,1,1,4,Por Despertar,84,1,24,2026-02-04 10:21:00
CLI-5627,2,1,1,4,Por Despertar,93,1,39,2026-01-26 20:33:00
CLI-5201,2,1,1,4,Por Despertar,104,1,39,2026-01-15 09:52:00
CLI-5380,2,1,1,4,Por Despertar,69,1,39,2026-02-19 20:50:00
CLI-5622,2,1,1,4,Por Despertar,81,1,24,2026-02-07 14:26:00
CLI-5616,2,1,1,4,Por Despertar,109,1,39,2026-01-10 08:59:00
CLI-5656,1,1,2,4,Perdidos,136,1,48,2025-12-14 00:36:00
CLI-5374,2,1,1,4,Por Despertar,87,1,24,2026-02-01 14:14:00
CLI-5694,2,1,1,4,Por Despertar,89,1,39,2026-01-30 10:16:00
CLI-5716,2,1,1,4,Por Despertar,105,1,39,2026-01-14 11:11:00
CLI-5184,2,1,1,4,Por Despertar,79,1,39,2026-02-09 19:36:00
CLI-5787,2,1,1,4,Por Despertar,98,1,39,2026-01-21 12:18:00
CLI-5781,2,1,1,4,Por Despertar,68,1,39,2026-02-20 09:52:00
CLI-5618,2,1,1,4,Por Despertar,91,1,39,2026-01-28 21:57:00
CLI-5560,2,1,1,4,Por Despertar,95,1,24,2026-01-24 05:32:00
CLI-5512,2,1,1,4,Por Despertar,109,1,39,2026-01-10 13:34:00
CLI-5500,2,1,1,4,Por Despertar,78,1,39,2026-02-10 16:53:00
CLI-5559,2,1,1,4,Por Despertar,104,1,39,2026-01-15 17:07:00
CLI-5390,2,1,1,4,Por Despertar,68,1,24,2026-02-20 22:33:00
CLI-5621,2,1,1,4,Por Despertar,107,1,24,2026-01-12 00:43:00
CLI-5114,1,1,1,3,Perdidos,130,1,24,2025-12-20 19:29:00
CLI-5316,1,1,1,3,Perdidos,117,1,24,2026-01-02 01:43:00
CLI-5775,1,1,1,3,Perdidos,179,1,39,2025-11-01 01:30:00
CLI-5839,1,1,1,3,Perdidos,162,1,24,2025-11-18 23:49:00
CLI-5774,1,1,1,3,Perdidos,148,1,24,2025-12-02 05:59:00
CLI-5822,1,1,1,3,Perdidos,140,1,24,2025-12-10 11:39:00
CLI-5267,1,1,1,3,Perdidos,147,1,24,2025-12-03 09:23:00
CLI-5816,1,1,1,3,Perdidos,139,1,24,2025-12-11 00:37:00
CLI-5830,1,1,1,3,Perdidos,148,1,24,2025-12-02 15:22:00
CLI-5322,1,1,1,3,Perdidos,156,1,24,2025-11-24 00:32:00
CLI-5338,1,1,1,3,Perdidos,173,1,39,2025-11-07 06:22:00
CLI-5139,1,1,1,3,Perdidos,168,1,24,2025-11-12 14:53:00
CLI-5349,1,1,1,3,Perdidos,130,1,39,2025-12-20 10:02:00
CLI-6017,1,1,1,3,Perdidos,171,1,34,2025-11-09 09:47:00
CLI-5992,1,1,1,3,Perdidos,174,1,24,2025-11-06 05:02:00
CLI-6019,1,1,1,3,Perdidos,126,1,24,2025-12-24 06:44:00
CLI-5817,1,1,1,3,Perdidos,142,1,39,2025-12-08 09:49:00
CLI-5848,1,1,1,3,Perdidos,168,1,34,2025-11-12 11:28:00
CLI-5910,1,1,1,3,Perdidos,169,1,24,2025-11-11 17:46:00
CLI-5923,1,1,1,3,Perdidos,148,1,24,2025-12-02 01:48:00
CLI-5924,1,1,1,3,Perdidos,139,1,34,2025-12-11 09:16:00
CLI-5932,1,1,1,3,Perdidos,154,1,34,2025-11-26 18:19:00
CLI-5262,1,1,1,3,Perdidos,170,1,24,2025-11-10 09:20:00
CLI-5880,1,1,1,3,Perdidos,121,1,24,2025-12-29 15:14:00
CLI-5959,1,1,1,3,Perdidos,113,1,24,2026-01-06 03:59:00
CLI-5379,1,1,1,3,Perdidos,142,1,39,2025-12-08 08:20:00
CLI-5378,1,1,1,3,Perdidos,173,1,34,2025-11-07 11:19:00
CLI-5639,1,1,1,3,Perdidos,154,1,34,2025-11-26 16:21:00
CLI-5644,1,1,1,3,Perdidos,169,1,39,2025-11-11 13:19:00
CLI-5649,1,1,1,3,Perdidos,141,1,39,2025-12-09 21:24:00
CLI-5648,1,1,1,3,Perdidos,155,1,39,2025-11-25 07:28:00
CLI-5377,1,1,1,3,Perdidos,160,1,39,2025-11-20 00:04:00
CLI-5193,1,1,1,3,Perdidos,145,1,24,2025-12-05 11:02:00
CLI-5737,1,1,1,3,Perdidos,147,1,39,2025-12-03 14:57:00
CLI-5722,1,1,1,3,Perdidos,161,1,24,2025-11-19 09:27:00
CLI-5717,1,1,1,3,Perdidos,152,1,34,2025-11-28 11:02:00
CLI-5704,1,1,1,3,Perdidos,136,1,34,2025-12-14 22:26:00
CLI-5678,1,1,1,3,Perdidos,110,1,39,2026-01-09 08:02:00
CLI-5682,1,1,1,3,Perdidos,172,1,39,2025-11-08 10:05:00
CLI-5684,1,1,1,3,Perdidos,122,1,39,2025-12-28 10:59:00
CLI-5695,1,1,1,3,Perdidos,155,1,24,2025-11-25 22:29:00
CLI-5766,1,1,1,3,Perdidos,166,1,24,2025-11-14 03:25:00
CLI-5742,1,1,1,3,Perdidos,159,1,39,2025-11-21 08:33:00
CLI-5514,1,1,1,3,Perdidos,147,1,39,2025-12-03 14:40:00
CLI-5498,1,1,1,3,Perdidos,132,1,39,2025-12-18 08:42:00
CLI-5582,1,1,1,3,Perdidos,135,1,24,2025-12-15 03:49:00
CLI-5576,1,1,1,3,Perdidos,150,1,39,2025-11-30 10:31:00
CLI-5558,1,1,1,3,Perdidos,168,1,39,2025-11-12 15:46:00
CLI-5563,1,1,1,3,Perdidos,127,1,24,2025-12-23 12:30:00
CLI-5488,1,1,1,3,Perdidos,128,1,24,2025-12-22 14:08:00
CLI-5404,1,1,1,3,Perdidos,147,1,24,2025-12-03 20:23:00
CLI-5446,1,1,1,3,Perdidos,175,1,39,2025-11-05 07:47:00
CLI-5429,1,1,1,3,Perdidos,168,1,39,2025-11-12 22:24:00
CLI-5433,1,1,1,3,Perdidos,131,1,39,2025-12-19 07:47:00
CLI-5432,1,1,1,3,Perdidos,167,1,24,2025-11-13 17:21:00
CLI-5250,1,1,1,3,Perdidos,149,1,39,2025-12-01 21:00:00
CLI-5276,1,1,1,3,Perdidos,119,1,39,2025-12-31 00:35:00
